ExerciseID,Name,Description,EquipmentID,ProgramID
1,Red Exercise,Fine job court true know maintain end.,27,244
2,Where Exercise,Home decide anything apply quickly.,19,264
3,Yes Exercise,Responsibility wrong court over fish those.,21,195
4,Down Exercise,Provide allow morning detail any pattern study.,49,343
5,College Exercise,Method speak with west.,30,260
6,Possible Exercise,Voice drive none seek.,96,319
7,Ground Exercise,Life apply shake party action.,54,376
8,Whatever Exercise,Professional know security first table.,24,323
9,Raise Exercise,Skill could style include.,91,311
10,Stand Exercise,Put prepare eight mission behind.,20,306
11,Cut Exercise,Exist check sometimes the court.,67,25
12,Sometimes Exercise,Generation himself near.,100,126
13,Enough Exercise,Meet away guess kid perhaps option.,76,213
14,Trial Exercise,Your popular understand black drug data.,32,320
15,Goal Exercise,Tell at pressure dog read administration.,4,151
16,Stand Exercise,Could draw their number.,50,332
17,Memory Exercise,Head personal I across class soldier.,42,94
18,Spring Exercise,Together how admit travel positive.,33,84
19,Relate Exercise,About throw maintain area feel but fall.,58,66
20,Focus Exercise,Stock it ok fill.,76,289
21,Series Exercise,Success space strategy anything.,88,312
22,Myself Exercise,Position instead could finally general example.,47,206
23,Start Exercise,Collection loss single live degree.,30,370
24,Support Exercise,President chair interesting resource power.,82,330
25,Part Exercise,Weight speech benefit democratic.,99,53
26,Economic Exercise,Well woman wind save.,27,70
27,Light Exercise,Employee religious over economic easy or explain.,64,289
28,Real Exercise,Management else commercial hair.,10,157
29,This Exercise,Want else add late.,52,44
30,Executive Exercise,Top several attorney must.,78,274
31,Spring Exercise,Player expect guy four take man travel.,42,127
32,Course Exercise,Amount one exist growth central process.,92,10
33,Opportunity Exercise,Recent professional any free.,62,111
34,Value Exercise,Be instead through former general can east.,8,367
35,Room Exercise,Specific impact tonight.,28,289
36,Run Exercise,Society civil executive itself culture plan cut.,100,358
37,Stuff Exercise,Party believe voice edge.,93,126
38,Long Exercise,Staff certain sense yard stock.,26,158
39,Since Exercise,Data a turn.,17,17
40,Spring Exercise,Team trade position answer effort rate.,35,82
41,Most Exercise,Coach focus might step role another.,28,280
42,Hair Exercise,Laugh campaign throw condition audience subject.,55,321
43,War Exercise,Above cost series white.,69,166
44,Friend Exercise,Design interview section east.,61,151
45,You Exercise,Item government expert artist former defense.,12,99
46,Success Exercise,Soldier position with find behavior between.,39,323
47,Affect Exercise,Piece financial very example accept piece Congress.,7,261
48,Song Exercise,Behind degree really yeah style else system project.,15,275
49,Build Exercise,Name where step commercial benefit difference.,13,265
50,Sound Exercise,If develop phone identify marriage social.,27,231
51,Go Exercise,Pick girl off answer.,63,396
52,Often Exercise,Several police break another.,29,293
53,Politics Exercise,Letter including while within send final.,43,260
54,Red Exercise,Instead line discuss partner language.,74,400
55,Instead Exercise,Fish camera hear both.,4,230
56,About Exercise,Or small case live result smile.,84,214
57,Girl Exercise,Cause yard friend care nothing.,78,12
58,Foot Exercise,Above race letter herself between.,4,64
59,Art Exercise,Again kitchen boy paper tell street under.,16,203
60,Quite Exercise,Address still human she pressure.,91,284
61,Treatment Exercise,North day buy face.,39,93
62,Bed Exercise,This state we to position end full.,20,204
63,Sure Exercise,Whatever best ready evening daughter threat.,18,309
64,Voice Exercise,Over any thank teacher.,44,226
65,Important Exercise,Recently accept letter.,94,183
66,Green Exercise,Resource send the find computer.,86,321
67,Help Exercise,Speak attack economic bad go.,38,320
68,Cut Exercise,Myself on Republican operation practice.,79,116
69,Not Exercise,Much cultural daughter new have big build.,20,244
70,Good Exercise,Suffer wonder strong goal four seem floor.,66,221
71,Apply Exercise,Really statement plant sing how.,64,301
72,Kid Exercise,Itself live common.,38,183
73,Scene Exercise,Husband kitchen billion power do able finish.,75,85
74,Theory Exercise,Break worker suffer concern hour space painting.,36,5
75,Traditional Exercise,Only analysis job feeling federal.,89,290
76,Night Exercise,Throughout city few newspaper break let.,1,287
77,About Exercise,Public citizen material she summer include.,99,368
78,Remain Exercise,Pm wait management herself alone growth.,51,109
79,Manager Exercise,Radio affect least magazine.,64,303
80,Woman Exercise,Themselves with see girl allow scientist parent.,39,268
81,About Exercise,Service attorney care everything point.,51,32
82,Later Exercise,Senior now artist color lead whom.,74,239
83,Popular Exercise,Support question rather personal of fact discuss risk.,53,144
84,Democratic Exercise,Room nation marriage.,20,212
85,Reveal Exercise,Enough law occur seem final bit any.,85,81
86,Third Exercise,Team determine well three break.,95,43
87,Artist Exercise,Truth get ability weight force kitchen.,69,259
88,Response Exercise,Sit glass evidence street.,95,363
89,Style Exercise,Federal have entire him actually stock.,84,53
90,Training Exercise,Down trip prove late.,42,166
91,Do Exercise,Citizen nor check heavy six.,64,95
92,Join Exercise,Into foot maintain dinner either force.,59,138
93,Inside Exercise,Product here bad issue.,77,154
94,Continue Exercise,Pressure section season note whose establish summer.,27,150
95,Test Exercise,Peace month last.,79,345
96,Top Exercise,Part six song pick a whose.,28,246
97,Surface Exercise,Outside successful cold sound no pull.,32,183
98,Former Exercise,Ten evening send significant else.,97,65
99,Source Exercise,Condition report professor unit within think home.,10,398
100,Travel Exercise,Good couple identify defense beautiful natural church after.,10,379
101,Building Exercise,Sometimes investment base want like close.,21,113
102,Somebody Exercise,Population since minute really magazine possible probably score.,44,80
103,Available Exercise,Them process able eight.,99,331
104,Interesting Exercise,Second likely hold.,22,85
105,Catch Exercise,Budget sit card item may structure.,70,135
106,Glass Exercise,Friend late bit.,30,2
107,Road Exercise,Sense mission such fish.,73,165
108,Call Exercise,Hospital turn five early feeling which.,90,271
109,Candidate Exercise,Follow sit six heavy how.,87,277
110,Economy Exercise,Increase both method sport.,39,270
111,Past Exercise,Prevent but beyond beautiful stuff month generation.,14,100
112,Miss Exercise,System book unit or official.,4,284
113,Bag Exercise,Three car suffer remember south chance skill role.,66,375
114,Catch Exercise,Deep analysis sit change.,51,325
115,Financial Exercise,First myself ago begin life begin thing.,71,224
116,Necessary Exercise,Decision ahead side key knowledge.,32,343
117,One Exercise,Wrong training alone will able.,72,6
118,Company Exercise,Own technology work administration federal deal.,61,207
119,Several Exercise,Almost thousand themselves child law.,76,69
120,Energy Exercise,Agreement could stage threat.,73,260
121,Camera Exercise,Ball politics daughter sort wide.,51,127
122,Whole Exercise,In produce president production opportunity.,13,179
123,Bill Exercise,Time more anyone trade already course.,3,156
124,Environmental Exercise,Different feeling training main.,85,73
125,Third Exercise,Simple day heart four have most last.,88,156
126,Father Exercise,Raise fight team recognize.,18,291
127,Sign Exercise,Your civil everyone past.,62,336
128,Good Exercise,Tend citizen think idea.,13,361
129,Admit Exercise,Draw build enjoy area test indicate.,59,34
130,Main Exercise,Modern raise wide quite technology nature keep mention.,89,354
131,Even Exercise,Old computer front friend direction.,87,341
132,Data Exercise,Oil water those happen cell movement.,57,383
133,Evidence Exercise,Friend low subject consider person.,26,23
134,Study Exercise,Process new shake write onto standard let.,49,244
135,Themselves Exercise,Minute sport social drop modern.,72,81
136,Animal Exercise,In officer offer chair.,30,398
137,Stay Exercise,Around trial front young message morning.,75,29
138,Recently Exercise,Discuss mean traditional together late stand strategy.,94,387
139,One Exercise,Commercial example poor yes rise story quality practice.,66,84
140,Which Exercise,Community admit want building.,25,245
141,News Exercise,Far dog discover.,83,13
142,Rich Exercise,Consider free forget social.,29,205
143,Attack Exercise,Special full avoid effect thing.,93,386
144,Effect Exercise,Far civil what plant direction participant.,25,251
145,Miss Exercise,Agreement whatever computer worry around measure recently debate.,6,348
146,True Exercise,Market up six body hand enjoy among car.,22,161
147,Everyone Exercise,Person face sell hit property agent.,69,155
148,Control Exercise,Positive general organization those very understand meet speech.,29,43
149,Force Exercise,Kid grow up too rate.,67,291
150,Little Exercise,Mrs couple star while they.,20,5
151,Recent Exercise,Eye play because.,91,400
152,Against Exercise,Three model south Congress.,6,205
153,Reduce Exercise,Street though however throughout involve history.,36,324
154,First Exercise,Yeah buy western.,77,71
155,Position Exercise,Reason become necessary meet happen.,95,396
156,Produce Exercise,Much four particular born this bit.,43,290
157,Example Exercise,Practice art mind matter themselves second group economic.,61,193
158,Partner Exercise,Require act close sea western affect more.,77,102
159,Exactly Exercise,Far today more military.,69,158
160,Organization Exercise,Mention property ago well.,55,379
161,Property Exercise,Country American student.,46,255
162,Power Exercise,Today certainly relate bed one onto along.,53,143
163,Sure Exercise,Ability third ahead piece he.,26,98
164,Authority Exercise,Sell style person thousand structure southern.,7,304
165,Cold Exercise,Mouth speak pay fast.,93,311
166,Pm Exercise,Condition chair wall ago free case discuss.,33,153
167,Direction Exercise,Bank report current north.,99,389
168,Drop Exercise,Let once smile game write.,37,130
169,Still Exercise,Whose fine but movement improve get poor high.,34,342
170,Score Exercise,Together age born today require just.,54,281
171,Care Exercise,Do lay summer all forward stand represent.,99,291
172,Stage Exercise,Pick offer plant any choice this magazine.,60,358
173,Feel Exercise,Impact traditional pressure collection any.,11,144
174,Effect Exercise,Laugh summer environment he same option concern.,94,302
175,Attack Exercise,Produce account family quickly owner specific.,77,70
176,Wait Exercise,Chair total production mention morning surface.,79,199
177,Chance Exercise,Sing just protect south coach campaign around.,3,242
178,Teach Exercise,Off politics lay part laugh music identify her.,55,114
179,Rule Exercise,Remain level nor fall number state.,34,309
180,Degree Exercise,Exist too receive anything billion including early.,19,137
181,Carry Exercise,Since matter local father including environment.,73,128
182,Choice Exercise,Report nation statement price enjoy consumer everybody.,74,114
183,Campaign Exercise,Six national Democrat what listen.,95,232
184,Doctor Exercise,Offer president music rule determine plant middle.,64,14
185,Part Exercise,Girl either future establish partner form nor physical.,61,88
186,Long Exercise,Walk successful call land loss so better.,51,337
187,Pull Exercise,Operation agree field job through.,24,79
188,Should Exercise,Minute least mean offer.,49,146
189,Age Exercise,Authority someone serious risk here.,49,89
190,People Exercise,Father or rate seek necessary professional involve.,58,98
191,Nearly Exercise,Those wear outside federal government compare race.,93,303
192,Detail Exercise,Drug live property human.,37,231
193,Recognize Exercise,Go can those beautiful control.,4,117
194,Off Exercise,Especially growth attack kitchen.,7,338
195,Kitchen Exercise,Feeling hospital any other toward management at.,94,43
196,Treatment Exercise,True positive might read.,73,338
197,Any Exercise,Too position offer pass but seek.,57,281
198,Add Exercise,Black natural fill once herself western.,66,287
199,Happy Exercise,Bit around indicate full stand party.,23,85
200,Hair Exercise,Deep anyone difference finish rate even campaign.,30,240
201,Employee Exercise,Answer operation do keep turn.,7,72
202,Country Exercise,Consider recent range issue central his.,77,93
203,Life Exercise,Bag receive long anyone which beyond.,34,299
204,Young Exercise,Relationship create audience strong fear study generation.,12,67
205,Green Exercise,Money letter floor around reduce.,50,123
206,Who Exercise,Culture it worker.,37,226
207,Rather Exercise,Candidate several friend effect tree.,87,264
208,Debate Exercise,Over course vote together mouth forward.,29,53
209,Child Exercise,Different able care without practice many.,45,278
210,Task Exercise,Entire reduce foreign many investment whom sometimes.,20,120
211,Information Exercise,Mission theory million.,47,47
212,Relate Exercise,World east ago run mind next.,41,26
213,Society Exercise,Month name bill enjoy.,82,178
214,Bad Exercise,Building unit citizen whom personal adult design.,13,357
215,Friend Exercise,Resource prepare their chair position color receive.,54,278
216,Officer Exercise,Happy consumer from why.,73,70
217,On Exercise,Professional wide fire significant want.,39,245
218,Important Exercise,This relate Mrs effort very next build.,96,194
219,Action Exercise,Without drive his.,56,138
220,Number Exercise,Sure light fish simple stuff.,93,180
221,All Exercise,Feeling structure serve various six threat.,78,333
222,Go Exercise,Century about smile must.,45,42
223,Television Exercise,Bank show low fall us figure think pretty.,100,398
224,Building Exercise,Argue would ability blue.,36,365
225,Enjoy Exercise,Account scientist assume almost.,62,44
226,Cell Exercise,Project conference nice former wrong.,23,204
227,Occur Exercise,Notice each unit I dog interesting.,30,277
228,Ask Exercise,Speak decade situation oil century picture remember.,69,33
229,Protect Exercise,Generation front walk although like ahead.,42,155
230,Part Exercise,Just minute serve truth walk fall.,90,350
231,Man Exercise,Call drive although half tell.,62,89
232,Practice Exercise,Build nor seem speech response record practice.,24,376
233,She Exercise,Tough hard color authority laugh.,31,288
234,Discussion Exercise,Sure part up imagine analysis maybe if.,64,373
235,Your Exercise,Thank exactly account eight.,56,37
236,Usually Exercise,Seem water program will center.,85,331
237,Scientist Exercise,Training sing water language manage language name second.,22,159
238,Anything Exercise,Art drive board box.,87,249
239,Financial Exercise,Travel law teach.,8,129
240,Whole Exercise,Particularly writer move pay step name.,31,282
241,Third Exercise,Official such organization loss they civil teach.,64,253
242,His Exercise,Experience boy even myself involve.,76,189
243,Thought Exercise,Out son not friend.,47,381
244,Writer Exercise,Understand up court.,86,161
245,Performance Exercise,Front tax number.,60,34
246,Generation Exercise,Common white establish.,50,22
247,Discussion Exercise,Must sound above.,96,53
248,Meeting Exercise,Difference structure view or catch everything.,90,387
249,Source Exercise,Moment truth how science can experience check.,10,302
250,Even Exercise,Defense home discover ever unit traditional hope some.,57,34
251,Else Exercise,Item attack live prevent identify soon personal.,9,142
252,During Exercise,Pass movement exist study feel political happy.,28,43
253,Later Exercise,Beyond particular become.,100,74
254,Data Exercise,Worry seek reach national rest practice.,3,361
255,Themselves Exercise,Ago radio new guy away grow.,88,34
256,Late Exercise,Table write help likely reality.,27,278
257,Evidence Exercise,Girl little cut onto.,40,268
258,Tonight Exercise,As alone west same poor.,61,361
259,Wide Exercise,Push bag her red issue.,41,381
260,Letter Exercise,Table wear same sit.,12,25
261,Week Exercise,Sport information model make.,53,393
262,Early Exercise,Improve quality model magazine two whole wife.,70,199
263,Audience Exercise,Shoulder that edge produce.,89,212
264,Into Exercise,Future see never go particular west only.,50,186
265,Mouth Exercise,Might describe develop physical no even.,24,361
266,Free Exercise,Usually wind woman entire.,70,41
267,Use Exercise,Bit case knowledge say life risk thought environmental.,95,383
268,Else Exercise,Training child stay stage.,53,327
269,No Exercise,Congress record case sell attorney together often.,34,128
270,Southern Exercise,Degree series painting about.,55,81
271,Want Exercise,Too meeting travel whose teach red new.,22,61
272,Eye Exercise,Site process one attack service include.,63,92
273,Night Exercise,Chair ability quickly yourself energy after employee help.,52,262
274,Over Exercise,Decide stand writer oil current.,64,325
275,Attention Exercise,Without different building she onto factor.,9,356
276,Kitchen Exercise,Population necessary low sing.,9,63
277,Account Exercise,Nothing management memory side step travel.,93,170
278,Mean Exercise,When out direction job.,7,58
279,Magazine Exercise,Across white region campaign run contain.,11,171
280,A Exercise,Law design report common.,18,71
281,Letter Exercise,Until improve nor reduce city national.,51,166
282,Program Exercise,Toward either side just great.,72,261
283,Fine Exercise,Edge I hit.,12,97
284,Agree Exercise,Law these agency process analysis network.,7,304
285,Quite Exercise,Its establish laugh affect someone recent.,91,313
286,Today Exercise,Ask standard away hand his strong.,36,382
287,Or Exercise,Us work middle.,9,140
288,Car Exercise,Officer garden strong myself step.,72,230
289,Carry Exercise,Admit factor mean public reveal both here.,61,329
290,Wrong Exercise,Nature apply across age off physical.,53,180
291,Measure Exercise,Open its dinner set reveal.,83,7
292,At Exercise,Outside leave conference rule small.,51,375
293,Simple Exercise,Any focus action speak situation.,8,173
294,Yet Exercise,Let person role worry.,24,11
295,While Exercise,You speech gas only price.,91,253
296,Contain Exercise,Himself decision question thing.,65,360
297,Program Exercise,Live leave represent we.,55,52
298,With Exercise,Reach industry until particular.,62,349
299,Task Exercise,Leg risk gun wide nice hard according call.,44,176
300,Man Exercise,Remain town network police yet memory chance.,10,132
301,Generation Exercise,Attorney group arm much to will.,46,332
302,Not Exercise,Fact statement fast off player write.,59,321
303,Actually Exercise,Reach to kid these.,84,217
304,Often Exercise,Purpose memory president yourself protect.,39,236
305,Join Exercise,Fact amount try plant box bank player without.,74,393
306,Note Exercise,Apply evening evidence support.,23,329
307,Speech Exercise,Federal upon floor.,36,304
308,Article Exercise,Special speak measure mother whole prevent common.,16,167
309,Allow Exercise,Respond feeling together opportunity rock society.,93,309
310,Relationship Exercise,Describe sister happy I.,43,17
311,Avoid Exercise,First interview own face summer a Congress.,8,301
312,Day Exercise,Paper trial arm word far do.,7,166
313,Poor Exercise,People six forget food single even view.,18,165
314,Series Exercise,Purpose its art role contain voice compare different.,64,151
315,Left Exercise,Not meet open present simply white any.,48,70
316,She Exercise,Believe popular step them any successful including.,19,108
317,City Exercise,Before but require behavior.,38,179
318,Material Exercise,Between second some take role try hot.,84,299
319,Land Exercise,Travel social entire which.,75,131
320,World Exercise,Star part national this face reveal can.,43,6
321,Among Exercise,Food executive stuff among.,67,341
322,Result Exercise,Data writer position ahead room.,7,319
323,Blue Exercise,Side open rich which again personal time.,46,353
324,Blue Exercise,Phone throughout anyone individual.,9,77
325,Gun Exercise,None such game free war.,61,38
326,Another Exercise,Threat first full table suggest make last.,22,18
327,Here Exercise,Character hear later economic rich information story cell.,36,400
328,Whether Exercise,Performance friend left.,78,239
329,Once Exercise,Military fact us soon claim meet.,36,300
330,Myself Exercise,May life long administration under.,30,70
331,Whether Exercise,Today answer will suddenly almost.,3,325
332,Garden Exercise,Choose sit magazine writer paper business choice.,84,263
333,Surface Exercise,Action heavy worker black.,57,288
334,Laugh Exercise,Scientist protect ok.,23,329
335,Condition Exercise,Then scientist exactly Mrs east whole little agency.,16,51
336,Value Exercise,Able image same soon process.,33,52
337,Story Exercise,Product likely first without teacher as we camera.,36,36
338,Wish Exercise,Person around source.,70,153
339,Industry Exercise,Unit customer standard option blood leader.,78,156
340,Voice Exercise,Space past source him authority.,18,228
341,Story Exercise,Value rate style.,52,325
342,Expect Exercise,But head while sort pay political bad.,27,377
343,West Exercise,Picture image young whole poor agreement.,40,258
344,Blood Exercise,Animal real executive fall list fall responsibility lose.,69,23
345,View Exercise,Gas spring effect treat throughout natural.,70,289
346,Whether Exercise,Prove group candidate throw.,60,76
347,Series Exercise,Left me may page get general.,23,326
348,With Exercise,Now kitchen probably.,72,386
349,Figure Exercise,Tonight staff like throw late world speech.,15,314
350,Go Exercise,Citizen of suffer deal threat guess.,24,113
351,Player Exercise,Word forward factor front heavy nearly peace.,56,100
352,Blood Exercise,Far tax baby memory help value method.,40,137
353,Of Exercise,Everybody family study worker fight cover.,89,151
354,Indeed Exercise,From hard road structure such now until.,76,264
355,Treatment Exercise,Measure debate southern book item.,81,49
356,Become Exercise,Sort eat report could.,78,341
357,Teacher Exercise,Can though former east.,94,96
358,Hundred Exercise,Return candidate if rock song discussion decision whom.,42,358
359,First Exercise,Already tonight respond company see fish.,43,299
360,Expert Exercise,True type feel security stuff.,5,155
361,Week Exercise,Run anyone phone ever hour experience.,1,85
362,Anyone Exercise,Theory billion civil assume be.,26,173
363,Training Exercise,Against top American down.,12,387
364,Line Exercise,Both whether would language political leader everyone.,97,90
365,Foreign Exercise,Apply TV scientist artist whose.,34,143
366,Notice Exercise,While evening necessary general way face capital.,80,363
367,Civil Exercise,Mean thing thousand team represent agency.,14,277
368,Per Exercise,Decade entire business with necessary design.,56,73
369,Voice Exercise,Major market by computer left shake too.,94,79
370,Sure Exercise,Pm ability activity professor my.,93,209
371,Office Exercise,To hear history two.,53,234
372,Election Exercise,Maybe serious base year financial simple race loss.,2,184
373,Training Exercise,Without analysis individual morning entire sit.,74,98
374,Require Exercise,Tree bag change civil.,5,172
375,Oil Exercise,Investment read respond difficult.,19,38
376,Agree Exercise,Loss again city what network.,27,219
377,Training Exercise,Already affect test least bank college television.,21,70
378,Own Exercise,Lose adult senior.,10,267
379,Major Exercise,Special customer development specific hour this.,79,98
380,Blue Exercise,Stop catch herself population threat day.,91,76
381,Just Exercise,Character family benefit organization value box imagine.,30,245
382,Left Exercise,Guy job guess significant you sing finish.,60,337
383,Explain Exercise,Force letter husband music dog month a.,91,17
384,Student Exercise,Often weight something investment seven north training.,74,82
385,On Exercise,Agreement shoulder structure cover detail daughter against with.,37,369
386,Determine Exercise,Water many class role look American reflect.,12,161
387,Gun Exercise,Country quickly decision visit allow oil can.,75,383
388,Sea Exercise,Light finally water represent TV quite.,52,169
389,Consumer Exercise,List knowledge the behavior action center tell.,37,342
390,Production Exercise,Across down guess scientist.,12,326
391,Its Exercise,New seven such trade.,75,392
392,Sound Exercise,Lose impact painting certainly.,80,204
393,As Exercise,According allow case still PM wall star.,59,97
394,Sing Exercise,Ask shake win race affect country article end.,73,75
395,Price Exercise,Them choice notice magazine base evidence.,90,67
396,Sure Exercise,Office evidence administration lay see should.,85,217
397,Long Exercise,Trial fight certainly compare world small.,19,290
398,Seem Exercise,Response long standard none their.,40,229
399,Happy Exercise,Of lot picture himself western accept remain.,1,230
400,Before Exercise,Early scene large southern professor.,56,196
