TrainerID,Name,Specialization,Phone,HireDate
1,Charles Davis,Fitness,+1-338-535-2394,2023-07-13
2,John Sweeney,Yoga,001-721-438-6074x96983,2022-03-26
3,Molly Marsh,Fitness,(088)039-5406x12256,2024-06-24
4,Michael Cox,Yoga,313-880-9830x66146,2021-07-14
5,Matthew Jackson,Yoga,+1-598-153-0933x56829,2024-06-18
6,Michael Owen,Fitness,+1-184-261-9421x15375,2021-08-10
7,Dawn Summers,Cardio,876-232-0505,2021-11-23
8,James Greene,Nutrition,+1-082-645-1704,2023-07-04
9,William Johnson,Yoga,+1-792-959-1811x67263,2024-10-26
10,Mrs. Kristin Payne,Yoga,889.179.3824x996,2022-03-13
11,Brian Brown,Fitness,422.523.2431,2021-05-22
12,Linda Guerra,Cardio,(797)109-5228,2023-05-01
13,Hannah Johnson,Fitness,1522732681,2021-06-02
14,Crystal Gregory,Cardio,689-025-2281x710,2023-10-16
15,Lauren Hall,Nutrition,001-745-209-0000x2314,2024-06-28
16,Justin West,Strength,3747579535,2022-07-20
17,Benjamin Scott,Cardio,+1-296-186-4796x307,2024-05-12
18,Douglas Washington,Yoga,3724823637,2021-11-21
19,Scott Crawford,Yoga,926.479.6580,2020-08-08
20,Lance Ramos,Yoga,(852)218-1998x90217,2023-03-08
21,Matthew Gentry,Yoga,272-161-4954,2020-08-13
22,Candace Jones,Fitness,001-445-708-4875,2023-02-11
23,Ryan Williams,Strength,001-044-388-7608,2020-06-17
24,Brian Walter,Fitness,001-246-590-2291x00612,2020-12-20
25,Kayla Johnson,Fitness,001-060-056-5447x644,2022-04-29
26,Vincent Mata,Cardio,(151)859-6392x4390,2023-04-25
27,William Nelson,Fitness,805-993-4582x14151,2020-08-11
28,Ronald Jones,Yoga,335.631.1959x8724,2023-06-01
29,Paul Gordon,Yoga,(412)008-1100x67091,2022-09-10
30,Tracy Rice,Fitness,(426)633-3271,2020-02-14
31,Jesus Romero,Cardio,+1-568-197-6924,2022-02-25
32,Nina Lopez,Strength,650-743-6230x338,2020-02-13
33,Valerie Thomas,Cardio,+1-154-302-2867x913,2023-05-13
34,Brandi Blake,Cardio,603.112.1878x9408,2021-12-08
35,Nicholas Calhoun,Nutrition,4828741647,2022-12-18
36,Crystal Smith,Yoga,+1-714-126-5564,2023-06-02
37,Nancy Sanchez,Cardio,645-798-4204x584,2025-03-08
38,Dakota Thomas,Nutrition,001-826-953-1511x807,2020-01-06
39,Andrew Hernandez,Fitness,(079)118-7845x79121,2020-03-16
40,George Irwin,Fitness,(797)600-8713x0662,2022-07-02
41,Anthony Jordan,Yoga,852.104.5861x55460,2021-04-24
42,Troy Harvey,Nutrition,687-256-1341,2024-04-01
43,Bill Walker,Cardio,045.891.8696x90850,2023-08-03
44,Michael Davis,Cardio,684.277.2886,2021-03-03
45,Ashley Costa,Nutrition,837-557-2664x0108,2021-02-28
46,Ashley Vincent,Nutrition,(025)803-9905,2024-09-19
47,Whitney Tyler,Strength,(436)673-3879,2024-08-05
48,Jacob Lewis,Cardio,418.808.5628,2022-06-24
49,James Chaney,Yoga,494-729-0772x5905,2020-10-10
50,Sarah Francis,Nutrition,(787)677-7359x0969,2024-05-02
