TraineeID,Name,DateOfBirth,Email,Phone,RegistrationDate
1,John Mack,1993-03-09,cthomas@gmail.com,257-136-1798x103,2020-02-07
2,Thomas King,2004-08-16,bellis@gmail.com,+1-664-016-7224,2024-03-29
3,Troy Stevens,1986-01-19,jonathanberry@gmail.com,(724)761-7242x9953,2023-12-14
4,Brandon Garcia,1982-11-03,erik50@yahoo.com,+1-698-407-7790x6608,2023-11-07
5,Justin Sanchez,1998-08-20,malonenicholas@andrews-ferrell.com,+1-894-497-1444x82645,2023-08-19
6,Andrew Buchanan,1991-07-14,cmay@schaefer-robertson.com,(060)721-3794x214,2021-12-09
7,Robert Lara,1990-07-17,marcushernandez@hotmail.com,(875)538-2520x8291,2022-05-20
8,Kaitlin Black,1977-12-13,joshua37@case.com,487.734.5753x616,2021-04-29
9,Lauren Flores,1988-07-26,leslieduncan@gmail.com,728-214-1820x0152,2020-03-25
10,Kenneth Zimmerman,1995-10-23,amy20@hotmail.com,022-313-9052x58994,2021-11-04
11,Jason Cherry,1975-08-28,regina25@adams.com,062.141.7559x5930,2020-12-27
12,Richard House,1980-04-05,kaufmanmatthew@gmail.com,(732)015-9559x2716,2023-01-07
13,Dr. Christine Taylor MD,1989-09-16,ataylor@henry.info,623-930-2345,2022-12-06
14,William Bond,1982-03-13,tammy39@gmail.com,(973)402-7029,2023-10-06
15,Michael Figueroa,1983-12-23,zwest@yahoo.com,(133)369-4162x599,2025-02-02
16,Heather Duncan,1985-03-02,jonathan11@hotmail.com,674-811-1490x219,2023-05-11
17,Luke Fitzgerald,1997-03-13,zsmith@douglas-logan.com,(434)578-5241x48303,2020-06-17
18,Cassidy Green,1975-02-13,christopherbarker@hotmail.com,166-032-1759,2020-01-14
19,Austin Haynes,2005-01-15,mcneilveronica@bell.com,001-891-494-5981,2020-12-13
20,Rachel Rivera,1974-07-16,kathleenscott@mitchell.com,098.573.5729,2023-10-10
21,James Wright,1991-08-30,kevinbrown@jacobs-marquez.com,(253)904-0761,2024-11-24
22,Erica Hill,2002-06-16,kelly93@brady-cox.com,(772)330-6025x476,2020-10-13
23,Nicholas Lee,2006-03-31,catherine52@mack-fleming.com,(053)584-2672,2022-12-02
24,Beth Lee,2001-05-21,ukane@kelly.org,001-305-373-5827x9581,2020-04-05
25,Sharon Bishop,1989-07-25,tiffany82@gmail.com,886.407.5226x3177,2023-11-25
26,Lisa Benton,1996-01-20,mark11@warner.com,980.408.6340x6305,2022-07-10
27,Jessica Perez,2003-08-06,savagechristopher@gmail.com,502-913-7542,2024-10-15
28,David Collins,1992-02-27,dwright@johnson.org,+1-817-119-0673,2024-02-05
29,April Green,2000-09-08,sacevedo@hotmail.com,(982)224-2981x485,2020-05-31
30,Collin Sullivan,1995-06-21,welchjohn@sanders.com,379-092-8472x323,2024-04-03
31,Victor Stephens,1998-07-26,dawnbradley@yahoo.com,1966082908,2020-08-22
32,Richard Hatfield,1990-12-28,vwoodard@stout.com,659.956.9534x2348,2021-02-25
33,Brett Brandt,1990-11-22,karen17@gmail.com,(313)392-5028x093,2022-07-03
34,Krystal Krueger,2004-09-23,nancy60@kelly-scott.info,915.219.0689x19864,2023-10-28
35,Sabrina Archer,1974-07-31,lpowers@price.com,001-672-256-1651x09685,2022-07-31
36,Grace Holloway,1994-12-02,kaitlyn24@jimenez.biz,(456)645-3127x5243,2022-11-02
37,Anna Torres,1975-10-29,amanda75@gmail.com,3666423716,2023-06-21
38,Rebecca Cunningham,1977-11-22,craig41@torres.com,971-885-1857,2020-04-02
39,Jeffrey Barrett,2003-07-26,toddbrown@thornton-browning.biz,309.356.2556x362,2023-11-26
40,Daniel Fisher,1974-06-20,brownjoseph@gmail.com,(520)937-3616,2023-08-21
41,Madeline Lee,2004-09-17,xmeyer@caldwell.biz,469.461.2280x01066,2021-04-26
42,Dana Rodriguez,2004-04-07,cynthia35@hotmail.com,(443)861-2458x3219,2020-08-06
43,Heather Love,1977-04-10,joel13@jimenez.com,2370435295,2021-03-24
44,Clinton Wong,1988-11-26,katherinemeyer@johnson-garcia.com,+1-322-596-8884,2021-05-19
45,Laura Rose,1999-07-31,schultzbrianna@williams-ortega.biz,001-853-516-1524x425,2023-03-27
46,Michelle Gay,1993-01-13,hhicks@gmail.com,879.284.2977x027,2020-11-08
47,Dominic Freeman,1984-01-11,ihubbard@yahoo.com,+1-031-706-6114x19246,2025-01-31
48,David Ward,1989-01-14,trichmond@perez-carter.com,485-206-1041,2022-04-28
49,Adrian Perez,1977-02-09,ruizdeanna@whitehead.org,+1-742-015-1316x5477,2021-07-02
50,Ryan Ellis,1986-08-11,pcarpenter@gmail.com,343.495.4494,2024-09-29
51,Billy Keller,1980-08-13,gregorycarr@tanner.com,+1-906-196-0988x222,2022-04-21
52,Meghan Oneal,2005-03-30,edgar49@taylor.info,+1-931-355-5005x552,2024-07-03
53,Heidi Bowen,2000-03-11,kaitlinhall@hotmail.com,(712)810-3461x4799,2021-08-25
54,Madison Francis,1999-04-13,heathergriffith@moore.biz,001-626-186-4854x07989,2025-01-31
55,Anthony Martin,1980-09-29,michelle97@walker.com,343.969.6000,2021-07-04
56,Miss Michelle Miller MD,2000-06-27,pereztheresa@fisher-velazquez.com,(399)987-1276x82623,2024-09-19
57,Rebecca Murphy,2002-11-09,zwaters@frazier.org,327.091.0541,2021-08-17
58,Justin Monroe,1993-04-05,martha75@jenkins.com,+1-521-496-6012,2023-02-14
59,Paul Payne,1985-06-08,nlambert@gmail.com,519.816.4338x7813,2023-01-26
60,Jason Warner,1987-01-02,sparks@gmail.com,(667)183-6245x88386,2020-03-22
61,Margaret Hodges,1990-02-26,kellistewart@yahoo.com,(189)169-5324,2020-09-24
62,Leslie Tran,2006-08-07,jbrown@yahoo.com,945.406.5514,2024-11-07
63,Jordan Fisher,1985-06-25,chelsea31@yahoo.com,757.180.8575,2022-12-22
64,Desiree Lowery,1986-10-20,madisonmason@petersen.com,+1-441-155-0266,2021-06-12
65,Theresa Clark,1995-02-21,csmall@gmail.com,(139)025-6712x78156,2021-04-17
66,Vanessa Anderson,1999-03-19,emilydixon@hotmail.com,130.830.1044x529,2023-06-17
67,Shawn Velez,1975-01-02,urodriguez@gmail.com,155.392.2835,2023-11-07
68,Riley Gonzales,1988-12-14,patriciajohnson@yahoo.com,001-536-108-6753x33795,2023-01-10
69,Thomas Lopez,2003-07-23,hopkinsedward@hotmail.com,001-813-225-4880,2023-04-26
70,Rachel Ho,1977-02-02,mooneyrandall@yahoo.com,(194)594-1300x96941,2023-11-19
71,Andrew Alexander,1997-12-06,herrerarobert@gmail.com,952.270.1088x2765,2021-06-12
72,Kenneth Hughes,1998-07-14,larseneric@yahoo.com,(510)287-8510x175,2023-05-16
73,Jennifer Vaughan,1984-01-22,rachelthompson@bennett-smith.info,(429)851-2180,2024-11-11
74,Austin Jordan,1995-12-22,opadilla@yahoo.com,389.338.2029x3479,2021-03-26
75,Daniel Smith,1977-11-06,chandlermichelle@brown.biz,3677379950,2021-01-31
76,Eric Santos,2004-11-20,joshuaperkins@yahoo.com,049-988-2907,2023-06-11
77,Emily Stone,1991-09-09,campbellandrew@yahoo.com,+1-556-349-7351x9894,2021-10-31
78,Beth Fowler,1983-12-10,jamespoole@hotmail.com,977.652.2859x25690,2021-09-30
79,Ryan Carter,1978-01-03,isabelperez@yahoo.com,+1-024-386-1266,2023-03-01
80,Grant Gonzalez,2002-03-23,katherineperez@hotmail.com,505-014-9059x520,2023-09-06
81,Timothy Smith,1986-04-10,harrisonmelissa@west.info,001-183-293-3650,2023-04-11
82,Lisa Gilbert,2001-02-26,evillanueva@harrison.org,1458485627,2020-10-06
83,Miguel Ramos,1999-08-15,richard23@riley.com,001-138-893-1311x6480,2020-02-02
84,Deborah Schmidt,1989-01-21,robinsonjeff@yahoo.com,(339)656-9260x89252,2023-09-28
85,Willie French,1981-10-24,rowedeborah@yahoo.com,9315966495,2022-05-07
86,Patricia Mcclure,1974-12-08,jaredlloyd@keller-charles.org,+1-806-996-7139,2020-04-06
87,Daniel Mccall,1989-12-26,ereid@hotmail.com,(696)896-1815,2021-01-24
88,Elizabeth Lopez,1975-03-25,yorkdonald@yahoo.com,054-704-9294x8714,2023-05-06
89,Ronnie Perez,2001-07-20,stephen99@yahoo.com,099-922-0621x675,2023-05-26
90,Gabriel Spencer,1986-10-04,craig70@gmail.com,7029953862,2024-10-05
91,Brandon Woods,1995-08-04,randyturner@yahoo.com,955-808-6843x10193,2024-07-06
92,Susan Allen,1984-11-09,jerry39@gmail.com,873.699.7435x53430,2021-03-24
93,Stephanie Roberts,1988-08-02,tracyrangel@garcia-waters.biz,+1-763-377-0165,2021-04-28
94,Brandon Nichols,2004-03-08,ygonzalez@gmail.com,(161)713-2359x516,2022-10-19
95,Angela Daniels,1978-10-17,michelle19@gmail.com,001-228-676-3225x328,2023-09-09
96,Brian Jenkins,2000-05-05,josejohnson@gmail.com,+1-340-554-1301x8226,2020-01-25
97,Craig Jordan,1983-03-02,nsimmons@robbins-wilson.com,431.729.6393,2022-04-21
98,Bradley Thompson,1978-04-09,rnelson@white-sandoval.com,370-468-9074,2023-04-16
99,Shannon Riley,2006-03-14,katherine68@hotmail.com,(095)390-1607x716,2023-09-11
100,John Robertson,2002-04-05,xramos@yahoo.com,589-776-6695x19196,2024-02-05
101,Gregory Walker,2004-05-12,wendystokes@baker.org,733-118-6022,2021-10-09
102,Vincent Glass,1974-09-01,haynesdaisy@gonzalez.info,695.571.3461,2022-01-26
103,Gabrielle Crawford,2004-08-26,jason15@fleming-pineda.com,171-921-3484x508,2023-09-05
104,David Benitez,1992-01-01,doris54@boyd.com,+1-808-327-0838x67841,2024-11-10
105,Victoria Ruiz,1992-01-02,bakerdavid@yahoo.com,(588)357-2130,2023-09-27
106,Sydney Turner,1994-06-10,creyes@yahoo.com,589-790-6234x445,2021-01-11
107,Katie Carpenter,1988-12-15,lisavega@levy.info,(199)101-3704x01106,2025-03-08
108,Kimberly Smith,1990-09-22,zchen@jenkins-dean.com,446-474-8822x7205,2024-10-12
109,Rose Ferguson,1999-03-12,jreyes@white-lewis.biz,+1-680-532-8051x1603,2021-02-17
110,Dustin Leonard,1998-02-15,angelaporter@yahoo.com,001-496-125-9253,2025-03-17
111,Nicole Ward,1996-06-05,jennifergallegos@gmail.com,152.456.3689,2023-06-01
112,Derek Warren,1985-04-17,meghansosa@hotmail.com,(373)437-4740,2021-07-31
113,Mary Berg,1998-05-19,bgibson@yahoo.com,4620778243,2020-10-05
114,Brett Irwin,1987-09-09,petersashlee@yahoo.com,001-895-607-9086x994,2020-01-31
115,Jesse Curtis,1982-02-11,zyoung@hotmail.com,370-462-9059x71977,2023-11-05
116,Melissa Greene,1988-05-15,ryan75@carey.com,001-261-542-1632,2022-11-03
117,James Williams,1995-11-13,jlee@holden.net,772-448-4404x945,2021-03-15
118,George Mooney,1999-08-25,travis43@page-solis.com,001-877-859-1365x75709,2024-08-19
119,Michael Wilson,1985-05-10,robertdavenport@gonzalez-navarro.com,(460)448-1717,2020-09-29
120,Sherri Merritt,1991-03-22,nmcdonald@flowers.net,(373)651-1771x4415,2020-01-27
121,April Johnson,1994-02-24,jason41@scott.info,755-906-0232x89337,2022-09-21
122,Michael Kaiser,1984-10-31,rayalexander@bates.com,924.309.2191x0362,2024-04-13
123,David Hall,1998-03-17,sjones@ellis-watkins.com,001-019-896-6698,2023-06-01
124,William Medina MD,1981-04-08,ryanparks@hotmail.com,(543)244-4231x241,2024-07-16
125,Molly Ashley,1976-10-22,edwardsmith@gmail.com,291.209.3954x988,2024-08-23
126,Kathleen Sellers,2004-01-09,robertsrebecca@yahoo.com,(754)852-5857x9883,2020-05-16
127,Drew Blanchard Jr.,1986-01-17,rbutler@lopez.org,+1-475-458-9079x74657,2023-07-15
128,Penny Young,1995-06-07,michele94@hotmail.com,023-211-9664x57749,2023-02-18
129,Michaela Matthews,2002-07-12,cynthia72@davis.com,(906)436-1931x685,2020-04-27
130,Cesar Bates,1996-06-02,cgardner@hotmail.com,+1-434-228-7723,2020-04-04
131,Shelly Baker,1986-01-07,sandra33@hotmail.com,114.651.6537,2022-11-21
132,Brianna Smith,1995-04-30,owenskaren@edwards.net,(445)883-1537,2020-04-01
133,Dawn Davis,1982-02-06,hicksdiana@carlson-hogan.com,(354)403-4261,2024-01-19
134,Becky Griffin,1990-10-28,davidbrown@hotmail.com,(787)229-7928x35627,2023-04-20
135,David Morrison,1977-01-14,phillipsbenjamin@tran.com,843.955.3650x74771,2021-11-18
136,Elizabeth Newton,1975-12-22,munozdiane@hotmail.com,740-409-5507,2024-05-01
137,Amber Mccann,1984-03-25,carlsonjoseph@chavez.com,(576)333-7352x274,2024-06-30
138,Charles Morris,1981-07-24,xhorne@hotmail.com,193-718-7566,2021-06-03
139,Austin Grant,1989-06-20,brios@yahoo.com,001-536-404-9773x931,2020-10-25
140,Emma Brown,2000-01-02,othomas@davis.com,001-176-382-5680,2023-07-24
141,Marilyn Hicks,1995-03-30,jessicagonzalez@nolan.com,+1-905-340-3391x5716,2020-03-27
142,Tammy Martinez,1982-03-24,frankwolfe@bradshaw.org,+1-210-009-7844x849,2020-04-30
143,Timothy Hall,1999-12-21,nathan45@lutz.com,001-965-198-6595x283,2022-09-10
144,Jacob Parker,2002-07-02,jquinn@young.com,8739557328,2021-01-23
145,Jesse Dean,2002-04-19,michellekaufman@stanley-peters.biz,9171421275,2022-11-05
146,Dwayne Torres,2001-06-17,rebecca16@gmail.com,715.759.1884x6335,2020-12-08
147,Courtney Kirby,1998-09-25,ana25@morgan-brown.com,226.683.5650,2020-09-20
148,Cynthia Griffin,1989-11-22,gonzalesholly@lewis.com,870-936-2135,2022-03-28
149,Dana Wall,2004-03-22,vargasfelicia@serrano.com,989.759.9490,2024-09-04
150,Jane Krueger,1994-09-25,edwardsduane@burke.org,(728)754-4454,2023-02-09
151,Julia Guerra,2005-11-09,kimberlygentry@howard.net,908.703.9175x2039,2021-12-28
152,Amy Johnson,1986-08-15,michelle44@kelly-hayes.biz,001-772-591-0402x8692,2022-12-14
153,Sandra Beard,1993-04-23,brianna06@fleming.net,(446)313-1652x783,2024-03-13
154,Steven Klein,2003-07-19,alexismyers@medina.com,(162)948-1655x27650,2023-07-08
155,Michelle Graham,1984-08-21,ystewart@yahoo.com,607.319.7682x435,2024-07-11
156,Richard Clark,2001-02-11,hubbarddavid@gmail.com,(983)966-9670x72019,2021-11-07
157,Deborah Ashley,1983-10-30,mbecker@hotmail.com,772-519-1619x723,2024-08-15
158,Taylor Edwards,2005-07-26,wrowe@hotmail.com,(925)893-1631x138,2020-09-24
159,Mark Brewer Jr.,1999-06-01,mayjeffrey@smith.biz,(031)009-6356,2021-06-20
160,Ann White,1975-06-01,stephanie46@yahoo.com,001-167-830-0035x038,2021-12-14
161,Sarah Carter,1981-08-30,sponce@poole.biz,141-050-0836x51052,2020-11-29
162,Danielle Jones,1986-01-26,williamrobertson@silva.info,129.501.2884x72354,2021-10-04
163,Wendy Johnson,1977-04-05,pearsonstephen@gmail.com,202.568.5838x7150,2024-10-27
164,Eric Smith,1988-05-24,nicholasevans@armstrong.biz,(362)216-3179x456,2021-04-29
165,Nancy Hernandez,1976-05-01,michaelflynn@johnson.com,579.871.2641x69714,2024-09-25
166,Sharon Gordon,1993-07-19,wrightcheryl@hotmail.com,(587)018-8816x6517,2024-03-16
167,Nicholas Galvan,1991-02-02,mccannbrad@mejia-hayes.org,5486778355,2022-06-09
168,Leah Parker,1976-12-12,jean55@rodriguez.com,(786)575-0478x637,2024-07-11
169,Christian Bennett,1984-12-25,edwardslatoya@gmail.com,001-277-943-7342x37114,2022-09-10
170,Madison Lewis,1998-06-27,stevenwilson@gmail.com,(970)034-6033x190,2021-08-04
171,Vanessa Parker,1997-01-29,qparker@gmail.com,(973)466-7969,2020-12-21
172,Matthew Davis,1976-11-29,samuel03@thompson-bradford.com,003.055.8762x260,2022-05-28
173,Timothy Taylor,1994-05-11,michaelheath@yahoo.com,084.717.2415x1387,2022-01-24
174,Brian Johnson,1976-05-13,tyronehorn@gmail.com,478.208.5299,2021-06-21
175,Priscilla Smith,1983-09-11,michaelgarcia@yahoo.com,898.695.6380x33928,2024-12-05
176,Emily Brown,1996-11-14,steeleeric@hotmail.com,+1-303-458-3083x478,2021-08-20
177,Jessica Weaver,2006-02-22,woodjennifer@walker.biz,+1-756-130-9410x04289,2020-07-20
178,Melanie Fuller,1978-11-07,shepardjoel@yahoo.com,+1-510-426-5774,2023-10-26
179,Michelle Wong,1981-02-10,wferrell@johnson.com,001-921-658-3393x42517,2021-02-21
180,Jerry Turner,1997-03-09,steven84@gmail.com,588-005-6510,2024-12-01
181,Casey Mercer,1976-01-20,jessica99@garrett.info,262-648-8342,2021-09-14
182,Connor Sullivan,1996-03-18,robinsonamber@gmail.com,+1-579-995-0765x02448,2020-05-20
183,Emily Lopez,2006-06-28,andrew36@yahoo.com,001-712-519-8558x4796,2023-03-25
184,Sara Torres,2004-06-13,jorgejames@garcia.com,(043)721-2154x588,2024-05-19
185,Gerald Pittman,1976-09-15,ryan74@hotmail.com,001-401-705-2967x658,2022-09-05
186,Susan Medina,1996-08-05,elizabethdunn@lamb.org,001-593-049-6320,2022-12-12
187,Jose Riley,1988-09-10,michaelharrington@yahoo.com,225.392.6974x8976,2021-06-12
188,Cynthia Nelson,1983-11-08,rjennings@lester-smith.com,(011)858-4446x41460,2024-06-30
189,William Hernandez,1976-10-01,tinahayes@alvarez.com,586-484-9068x7600,2023-01-28
190,Michael Moreno,1994-12-28,olawson@hardy.com,001-201-700-7771x3237,2022-07-13
191,Mary Werner,2000-04-09,jimenezsuzanne@daniel-bell.com,253.122.9657x0581,2023-09-02
192,Ashley Bell,2005-02-02,isaac77@johnson.com,001-643-359-7243,2023-12-01
193,Laura Christian,1985-07-17,daniel44@yahoo.com,(631)870-8658x89248,2022-10-18
194,Miranda Hensley,1991-07-14,mlambert@campbell-thomas.com,001-752-486-6394x2732,2025-02-07
195,Darlene Thompson,2003-05-04,lbrown@rodriguez.com,174-040-4228,2021-06-30
196,Brenda Daugherty,2003-03-09,rileysteven@yahoo.com,591-932-4485x1365,2023-05-01
197,Justin Washington,1998-07-12,mlong@torres.biz,001-330-405-1131x46842,2020-02-07
198,Gary Welch,1997-10-17,michael95@yahoo.com,001-268-594-6264x43464,2020-06-02
199,Jasmine Wallace,1977-10-14,zlloyd@powell-haney.biz,(619)173-8067x7499,2020-04-21
200,Michael Best,1985-08-09,melendezpeter@ramirez.com,001-345-873-2693x882,2022-11-14
201,Brandon Smith,2005-04-06,glennsmith@hotmail.com,001-593-963-4063x4548,2021-03-13
202,David Clark,1983-08-25,elizabethcraig@gmail.com,(251)579-1696x26390,2023-01-31
203,Alison Moore,1986-03-08,vday@gmail.com,6865693853,2024-07-31
204,Bryan Smith,1996-01-20,deanna85@armstrong.org,7733892309,2020-08-03
205,Kelly Molina,1979-11-27,michaelbird@stewart.com,955-443-8516x55579,2021-11-30
206,Angela Spencer,1987-02-26,richardcruz@harris.info,301-183-2897x3200,2024-10-17
207,Robert Reed,2002-08-28,zwatts@porter-cruz.com,154.701.6259x4922,2023-09-16
208,Elizabeth Holder,1978-09-12,stevenhopkins@yahoo.com,9961522470,2021-09-13
209,April Palmer,2003-03-24,michaelhall@gmail.com,510-171-2959,2025-02-02
210,Jacob Reynolds,1997-08-14,maldonadodavid@yahoo.com,001-377-408-6486x73368,2022-09-30
211,David Lewis,1975-12-21,jacob18@gmail.com,908-037-3932x03217,2023-10-16
212,Nichole Ayers,2002-02-27,joseph35@munoz.com,611.594.0446,2022-06-16
213,Austin Grant,1977-11-16,kjones@hotmail.com,403-559-6647x57875,2022-11-21
214,Michael Hall,2006-12-06,rothchristina@yahoo.com,829-252-6696,2022-02-25
215,Brenda Rodriguez,1998-02-27,howelljohn@powell.com,042.085.0616x062,2023-08-07
216,Kathryn Adams,1983-09-29,deannanewton@barber-schmitt.net,1646623068,2022-01-10
217,Thomas Lawrence,1976-06-17,nealmark@yahoo.com,001-235-551-7982,2020-07-05
218,Dawn Shah,1976-01-06,donnamoran@paul.com,+1-363-569-2101x166,2022-12-02
219,Nathan Hall,2000-12-20,jonathanshort@yahoo.com,192-509-2132x578,2021-12-03
220,Joseph Garcia,1990-05-23,frank93@hotmail.com,(450)498-2959,2024-06-11
221,Wendy Leonard,1998-02-25,ian68@james-malone.com,+1-158-853-8209x3060,2022-07-10
222,Carolyn Bruce,1996-05-04,kelsey88@hernandez-blake.org,+1-089-627-3187x4005,2022-07-05
223,Joanna Mullen,1980-06-28,deanmarcia@yahoo.com,001-840-813-7575,2024-04-17
224,Kristin Perkins,1981-11-22,michelle86@yahoo.com,858.046.9254x9181,2020-03-22
225,Antonio Lewis,1981-10-05,bradleysummers@yahoo.com,886.694.7117,2021-09-30
226,Kaitlyn Smith,1996-01-22,ienglish@quinn.info,(144)897-0998,2020-12-12
227,Mrs. Heather Smith DDS,1990-06-13,osbornmatthew@gomez.info,1963204573,2022-10-13
228,Kathleen Jones,1980-05-01,xtucker@johnson.com,001-776-115-9466x058,2022-05-06
229,Edward Harris,2003-06-26,darren36@yahoo.com,001-175-598-9593x53276,2024-06-21
230,William Herring,1979-05-06,megansimon@yahoo.com,924-120-8929,2020-03-25
231,Michele Gray,1997-12-08,tina96@martin-jones.net,+1-559-172-0153,2021-09-08
232,Robert Miller,1994-07-09,nbrock@porter-smith.com,9860088335,2024-06-12
233,Rebecca Allen,1984-11-17,josephroy@gmail.com,(412)369-8232,2020-04-08
234,Joel Rivera,1981-08-30,kenneth14@snow-ball.com,+1-133-448-0992,2023-02-09
235,Nicholas Ortega,2002-12-27,lindsey49@hotmail.com,001-586-257-2851x90930,2023-07-25
236,Ryan Hernandez,1991-12-03,alicia57@gmail.com,001-020-974-7209x926,2024-03-20
237,Tracy Gonzalez,2000-09-10,obender@edwards.com,851.792.1390,2022-04-23
238,Kenneth Thomas,1980-04-26,christopherbarnes@gmail.com,306-457-6913,2023-11-13
239,Anna Madden,1996-11-30,jillbaker@alvarez.com,(870)917-3360x833,2024-05-05
240,Mrs. Kristen Ponce,1998-06-10,gregorymanuel@hotmail.com,001-624-090-7577x7148,2023-06-08
241,Betty Rodriguez,2007-02-02,brentdonaldson@hotmail.com,001-138-654-3131,2021-05-14
242,Daniel Griffith,1992-01-02,bernardking@hughes.info,487-491-7832x3368,2021-11-12
243,Justin Flores,2006-05-17,nicole29@dickerson-miller.com,560.925.6149x54672,2024-08-08
244,Victor Gibbs,1999-01-03,allen41@yahoo.com,+1-773-431-0723x70772,2020-03-22
245,James Johnson,1984-07-30,john79@bruce.com,844.588.8210x221,2023-05-26
246,Kenneth Ross,1994-12-22,pam82@johnson-valdez.com,001-795-494-5957x709,2024-03-01
247,Kayla Vance,1977-05-21,brittany86@yahoo.com,356-428-8141,2021-09-30
248,Mary Wilson,2003-06-12,medinadaniel@jones-eaton.com,(341)649-5491x65668,2021-01-30
249,Christopher Griffin,1987-11-22,cynthialee@hotmail.com,789-832-0040x700,2023-12-29
250,Chad Jackson,1992-08-07,moniquelewis@knox.info,+1-584-727-6221x53540,2024-12-07
251,Kathy Gardner,1995-05-28,sarah40@yahoo.com,(848)925-8484,2020-02-28
252,Kaylee Booth,1980-02-07,alexander87@hotmail.com,(249)315-4965,2025-01-09
253,Phillip Mcdaniel,1990-01-09,allenmelvin@gmail.com,268.505.9052x320,2021-07-18
254,Kevin Matthews,1984-05-06,angelamurray@morgan.com,552.001.9230x650,2024-10-15
255,Ana Simpson,1981-08-09,dianaroth@gmail.com,(519)662-6005,2020-11-21
256,John Butler,1987-09-23,hwells@wallace.com,630.651.2756x427,2022-03-31
257,Sara Dunn,1989-06-16,david79@gmail.com,295.194.3462,2020-03-25
258,Diana Gomez,1988-09-22,cblair@stein-huerta.com,(750)044-4195x87284,2020-10-08
259,Tracy Roberts,1990-09-10,angelalewis@hotmail.com,1468865951,2023-12-09
260,Amanda Harris,1982-01-07,cpowers@grant-vazquez.com,644.004.7495x223,2020-03-15
261,Robert Jones,2001-07-23,jacksoncory@bowers-hernandez.net,8891993540,2021-08-24
262,Sarah Hoffman,1985-08-06,yhayes@gmail.com,918.397.7233x36396,2022-10-28
263,Christine Solis,1975-12-23,reidbradley@sparks-brown.info,196-671-8513x13385,2024-11-06
264,Donna Harmon,2006-02-04,qadams@houston.com,485-149-9214x14004,2024-12-10
265,Christopher Thompson,1997-10-25,patricia55@mitchell.org,(852)895-7675,2024-12-17
266,Ryan Lee,2006-03-12,pterry@gibbs.biz,215-470-0002,2025-03-08
267,David Chen,2006-01-04,egarcia@jones.com,+1-845-411-4512x553,2020-05-19
268,Brenda Stein,2002-02-11,ginasmith@hotmail.com,001-151-710-4335,2021-06-22
269,Janice Woods,1976-08-18,morganblake@cline.com,(479)976-5484x4546,2021-05-12
270,Travis Moore,1981-05-22,sjordan@morrow.info,(839)510-4660x1777,2020-12-07
271,Jonathan Baker,2005-03-03,leebeth@hotmail.com,170.010.0759,2020-07-02
272,James Hughes,1981-10-12,andrewevans@thompson.info,+1-416-129-2877x4253,2020-11-28
273,Brandon Ruiz,1974-12-28,charles56@vega.info,(438)658-9465x85771,2020-05-25
274,Danielle Green,1996-09-17,pcurtis@walton.com,546-735-1374,2023-11-25
275,Dana Small,1991-07-16,cartersara@hotmail.com,(220)727-0586,2023-02-23
276,Kristin Chandler,1975-01-31,jasminenguyen@hotmail.com,001-116-712-7546,2025-02-21
277,Jessica Anthony,1978-01-21,brosales@yahoo.com,117-449-8898,2021-10-08
278,Tiffany Perez,1980-01-06,vgay@gmail.com,001-013-320-3800,2024-08-19
279,Christina Murray,1993-05-08,gfoster@jones-zhang.info,(504)012-6397,2022-06-07
280,Lawrence Mcbride,1999-10-10,kleinlinda@yahoo.com,209-792-0259x8551,2023-09-03
281,Courtney Hinton,1995-09-05,jonathan06@gmail.com,796-544-8961x5962,2020-08-05
282,Natasha Butler,2006-06-30,jorge46@kelley.net,173-245-0447x808,2024-01-10
283,Jasmin Henderson,1997-05-13,jason01@hotmail.com,174.863.3140x809,2022-03-30
284,Audrey Huang,2003-01-23,aolson@yahoo.com,(335)680-2897,2023-08-18
285,April Rowe,1990-05-02,john42@alvarez.net,053.157.9301x20861,2024-07-12
286,Christopher Jones,1992-05-14,lanebrian@bullock-moore.com,234.937.8760,2024-08-16
287,Amanda Floyd,1980-08-08,eanderson@ray.net,(836)614-0634x9619,2024-04-13
288,Dr. Jeremy White DDS,2002-11-25,lori65@moyer-harrison.info,3820819966,2022-05-25
289,Maria Beck,1981-03-16,steelemichael@barnes-little.com,3420565202,2021-05-06
290,Maurice Hunt,1990-08-08,beckmarvin@yahoo.com,8681330118,2021-03-08
291,Sarah Maxwell,2005-02-09,alyssabrown@gmail.com,828.453.9701,2024-06-03
292,James Hull,2002-09-20,edwardbraun@ramirez-carpenter.org,573-368-8867x4652,2021-09-27
293,Kathleen Smith,2001-08-20,hughesmario@gomez.com,(305)201-4000x16638,2024-10-11
294,Jerry Avery,2000-10-29,kellycolleen@madden-williams.info,001-406-309-6530x0426,2022-06-12
295,Alejandra Williamson,1998-01-18,janetjohnston@yahoo.com,(550)909-7560x5120,2020-08-07
296,Patrick Snyder,1995-08-24,simmonsclaudia@hotmail.com,001-538-972-6296x611,2024-09-17
297,Casey Moore,1987-06-06,paulaortiz@gmail.com,705.957.3724,2024-10-26
298,John Jacobs,1978-05-07,laura43@jones.info,(521)061-3471x287,2021-09-03
299,Claire Gonzalez,1993-12-22,millerjason@black.com,001-709-680-3713x6034,2022-08-29
300,Gary Singleton,1976-07-11,johnsonhector@hotmail.com,001-681-559-9368x23137,2020-03-23
301,Doris Stout,1988-09-26,crussell@thomas.net,387-566-8631x656,2020-11-19
302,Tiffany Smith,2002-12-22,acarpenter@robinson.net,(115)959-4908,2023-11-23
303,Alison Lowery,1996-12-24,pchapman@yahoo.com,+1-366-792-1174x502,2021-05-10
304,Zachary Cuevas,1979-06-30,josephchristensen@hotmail.com,001-980-470-8552x66358,2023-06-10
305,Mr. David Cole Jr.,1978-12-24,hsmith@gmail.com,127.107.4362x12747,2021-09-13
306,Courtney Brooks,2000-11-27,kriley@griffith.com,138.765.5533x007,2020-04-25
307,Cameron Porter,1993-11-22,reginaweber@gmail.com,(747)685-6873x31944,2025-03-07
308,Edward Cochran,1997-06-15,samanthafloyd@gutierrez-gardner.com,(572)696-8514,2020-07-18
309,Karen West,1978-07-12,freemanjohn@yahoo.com,863-653-8735x95650,2023-07-23
310,Marcus Perez,1996-04-26,anthonytiffany@mason.com,(929)379-5304x318,2022-05-29
311,David Gray,1994-10-18,bobby14@palmer-morgan.net,441.432.0239x89519,2021-08-08
312,Maria Johnston,1978-01-27,nataliegutierrez@adams.net,+1-756-830-7313x1752,2020-12-18
313,Sean Smith,1978-07-06,gonzalezchristopher@gmail.com,+1-701-622-9352x807,2023-11-06
314,Mr. Daniel Cox,2005-06-04,kristinewilliams@harris-campbell.org,691.326.1628x471,2020-08-21
315,Crystal Anderson,1988-06-07,ocox@yahoo.com,239-198-9121,2023-11-23
316,Mary Deleon,1986-04-03,michaelbrown@turner.com,270-888-1436x92266,2021-05-03
317,Levi Scott,1986-07-04,zlamb@hotmail.com,+1-092-872-3962,2024-09-24
318,Jennifer Martin,1994-12-23,wjordan@pearson.com,974-653-8346x26974,2025-02-17
319,Jennifer Jensen,2004-10-05,ferrellkathryn@moore.info,817.473.1514,2025-02-16
320,Sandra Santos,1996-10-05,rojasalexis@hotmail.com,(914)421-7608x886,2022-12-01
321,Michelle Bowman,1977-03-06,tracysmith@harrison.info,(080)196-7269x6573,2022-05-18
322,Cody Lambert,1991-03-06,sherryswanson@gmail.com,745-460-5126,2021-12-02
323,Mr. Kyle Smith Jr.,2006-02-01,sabrina56@gmail.com,097.282.0990x04507,2025-01-17
324,Sheri Howard,1994-01-13,vegaemily@yahoo.com,001-993-304-2926x05510,2023-02-18
325,Rebecca Ward,1990-09-16,hernandezjanice@chan-moore.org,714.843.6970x16090,2025-02-21
326,Gregory King,1998-03-22,cookeric@hotmail.com,479-687-1300,2021-07-12
327,William Frederick,2006-04-28,taylorraymond@hotmail.com,385-112-3249x47902,2024-02-26
328,Brandy Nelson,1999-06-28,macdonaldkarl@hotmail.com,+1-756-398-3444x7086,2024-01-24
329,James Pruitt,2001-02-16,jeffreyhoward@cruz.com,+1-636-590-4732x3654,2023-11-04
330,Ernest Vincent,1986-03-07,festes@wilson.com,561.428.4417,2022-08-11
331,Lisa Rodriguez,2001-11-06,zstone@yahoo.com,001-537-696-2453x0861,2020-02-13
332,Danielle Gould,2001-05-09,jackson70@hotmail.com,031.848.7140x325,2023-09-05
333,Brandon Fitzgerald,1975-07-17,ododson@barajas.com,462-387-0582,2022-10-25
334,Brian Anderson,2002-11-22,davidhenson@long.com,001-528-573-7369x26396,2021-06-15
335,Mrs. Lauren Stewart,1995-06-06,fthomas@yahoo.com,682.868.8392x388,2021-02-13
336,Cheryl Crawford,1997-07-13,juarezthomas@hardin-reyes.com,935-810-9508,2023-08-21
337,Ryan Clark,1996-04-22,kathrynparrish@young.org,6142767505,2022-03-08
338,Carly Baker,1996-07-05,cwebster@mason-mccarthy.com,878-310-0045x1324,2024-10-02
339,Alicia Burke,1992-11-24,maria55@yahoo.com,+1-597-978-9697x6924,2023-04-01
340,Katelyn Solis,1978-01-25,biancamcclain@hotmail.com,+1-225-036-8397x9022,2022-01-09
341,Miguel Adams,1984-10-30,gillanthony@hamilton.com,159.252.2381,2023-01-24
342,Jacob Thomas,1997-09-05,sarahdavis@yahoo.com,(975)059-7119,2020-12-30
343,Dennis Cantu,2001-03-01,jerry07@hotmail.com,+1-616-952-0336,2020-10-22
344,Anthony Boyd,1983-03-08,anthony01@hotmail.com,954-737-1653,2021-09-20
345,Stacy Weaver,1983-02-15,tiffany14@walker.com,(090)434-5152,2024-06-13
346,Justin Lynn,1984-02-11,kennedyclaudia@boyd.net,+1-087-397-0810x72330,2020-07-24
347,Nicole Gonzalez,2000-03-09,colemanmichael@estrada.com,(630)533-0584,2022-11-20
348,Stephen Gilbert,1984-02-23,mcphersonhenry@wallace-sanford.com,001-897-428-2856x9031,2024-04-04
349,Jennifer Davis,1978-04-04,bradleybradley@hotmail.com,369-511-1667x883,2020-07-03
350,Brian Thomas,2004-12-29,rubenwheeler@henderson-beck.net,001-742-538-7859x479,2024-06-09
351,Nicole Fry,1986-02-07,hermanrichard@hotmail.com,+1-249-369-5378,2021-07-25
352,William Daniels,2006-08-06,millerrichard@gmail.com,+1-656-318-5110,2023-12-03
353,Steven Austin,1999-08-23,rayian@yahoo.com,9798592951,2022-11-12
354,John Boyd,1998-06-01,dshelton@hotmail.com,(568)852-9479,2020-04-11
355,Brian Davis,2002-11-05,obarker@martin.org,+1-955-171-3261x3859,2023-08-16
356,Scott Whitehead,2006-03-01,daniel46@harper.com,001-676-180-1023x417,2023-07-08
357,Leah Vasquez,2006-12-26,larry39@vazquez.com,(921)680-1337,2020-12-07
358,Joanne Torres,1997-10-31,thomasjones@chandler.com,505-178-2704x70459,2020-10-27
359,Henry Medina,1974-04-19,watsontimothy@nelson-johnson.com,(207)070-9239x0586,2022-08-07
360,Eric Singleton,1999-01-18,alisonnelson@yahoo.com,995-275-5341,2023-01-12
361,Darryl Perez,1984-02-03,james73@yahoo.com,+1-493-489-4084x267,2022-05-30
362,Kelly Martin,1994-12-16,danielblack@gibbs.com,657.322.7528,2020-05-08
363,Katherine Hanson,1988-11-22,michaelmahoney@yahoo.com,(823)251-6239x605,2020-07-04
364,David Francis,1997-07-03,natalie06@boyd-johnson.org,360-225-3009x9866,2022-06-20
365,Kenneth Hall,1990-11-04,christophermarshall@hotmail.com,001-496-332-4123x04415,2021-02-17
366,Tanya Marshall,1980-02-24,rschmidt@hotmail.com,001-262-522-9644x9585,2021-01-27
367,Jennifer Adams,2002-12-05,tonya71@hodges.com,081.299.1700x588,2022-04-27
368,Veronica Mclaughlin,1997-11-11,hernandezjacob@gonzalez.com,001-674-425-9231,2021-04-15
369,Steven Steele,1984-11-19,coletodd@oconnor.com,+1-680-088-2828x0856,2025-02-14
370,Shannon Casey,2005-07-26,dperkins@gmail.com,358.113.7218,2022-12-16
371,Erica Barnett,1988-09-23,martha64@gmail.com,041.500.7741x10053,2020-07-22
372,Michael Stokes,1984-08-30,rogerslindsay@hotmail.com,+1-975-747-4819,2023-08-08
373,Robert Harris,1980-03-23,christopherferguson@yahoo.com,+1-871-325-7215,2022-04-16
374,Laura Smith,2005-09-26,connorlopez@eaton.com,001-830-659-2655x63333,2020-10-21
375,Kristina Ford,1984-04-15,karen87@hotmail.com,(411)929-3699x333,2020-02-03
376,Vanessa Sloan,1980-05-13,brenda01@hotmail.com,006-447-9052x7644,2020-12-11
377,Cynthia Jenkins,2001-12-12,lesliesilva@yahoo.com,(581)600-1085x722,2020-01-12
378,Michele Garcia,1979-12-07,arnoldandre@hotmail.com,001-218-357-8500x324,2020-04-13
379,Michael Kennedy,2003-03-15,langjessica@lopez.info,(694)741-5770x100,2021-02-18
380,Jeffrey Jones,1977-01-29,daniel69@yahoo.com,001-187-835-4144x0580,2022-12-16
381,Cindy Cuevas,1983-08-01,ahale@hodge-white.com,001-744-761-7412x663,2023-06-29
382,Mr. Timothy Melton,1978-08-14,conniejones@jackson-davis.biz,370-700-0382x40767,2024-05-30
383,Edwin Clark,2004-01-02,beckzachary@atkinson.com,846.981.3909x5824,2020-01-21
384,Edwin Barnes,2000-03-16,dannywilliams@beck.com,948-181-0444x14009,2021-01-23
385,Michael Craig,1989-12-10,drobinson@graham.com,001-243-161-2323x214,2021-01-04
386,Melanie Green,1997-06-09,uhernandez@hotmail.com,885.289.5734,2021-03-24
387,James Roy,1985-10-08,hestrada@kelly.net,541-193-0846x4485,2024-12-03
388,Gloria Morris,2006-02-20,iwalker@yahoo.com,001-661-602-3356x555,2025-03-10
389,Scott Smith,1990-09-30,amanda37@hotmail.com,313-309-7739x76659,2020-07-27
390,Calvin Aguilar,1975-02-23,evanschad@campbell.com,001-575-670-6586,2020-02-28
391,Craig Brooks,1993-12-19,ryanpearson@coleman-shaffer.com,975.794.7721x04038,2022-05-23
392,John Jackson,1989-11-12,codyward@gmail.com,(482)035-2105,2024-06-17
393,Gabriel Moody,2002-04-17,udaniels@yahoo.com,(136)797-2717x89507,2024-03-24
394,Alyssa Hunt,1984-10-08,wallacelaura@yahoo.com,001-701-218-0947x5891,2023-09-04
395,Paula Trujillo,1985-01-23,kevinjones@harris-huerta.net,001-386-975-6455x22711,2023-01-28
396,Michelle Walton,1987-01-22,lchristensen@lopez-pratt.com,666-535-6786,2022-12-06
397,Dylan Burgess,1983-06-05,peggyrowland@short-freeman.com,443-410-0601,2020-06-06
398,Ronald Palmer,1992-04-27,misty68@hotmail.com,104.884.8035x4061,2022-04-03
399,Rebecca Ramos,1982-04-26,ajackson@barker-baker.com,001-040-615-8183x00642,2023-11-02
400,Mr. Michael Santos,2002-04-26,eramsey@yahoo.com,+1-249-009-5820,2021-09-19
