TraineeID,FirstName,LastName,Email,Phone,DateOfBirth
235526449,Anselma,Hawking,ahawking0@cbc.ca,9902742131,2/25/2003
409577692,Gabrila,Heamus,gheamus1@nymag.com,2827427730,9/27/2000
236779343,Derward,Iowarch,diowarch2@chicagotribune.com,9810459663,4/19/2002
435473565,Francesco,Roscamp,froscamp3@amazonaws.com,3199247593,10/24/2004
793585678,Morrie,Nannini,mnannini4@census.gov,9573654758,10/4/1995
503129939,Kare,Widmore,kwidmore5@dailymotion.com,6237950064,5/9/1998
876470057,Alonzo,Spadollini,aspadollini6@wunderground.com,1978417509,7/23/1999
576863127,Nealy,Fidele,nfidele7@google.com.br,9924622010,10/15/1997
554397030,Calvin,Infante,cinfante8@desdev.cn,6840845693,12/8/1996
254272488,Jobi,Abbotson,jabbotson9@intel.com,2599936109,8/7/2003
632861581,Leanor,Penhaligon,lpenhaligona@php.net,1568822213,8/30/2004
524822309,Bonny,Antrobus,bantrobusb@msn.com,3723746485,6/14/1996
147510221,Misti,Hinze,mhinzec@smh.com.au,4121151970,2/19/1995
300992700,Audrie,Gundry,agundryd@delicious.com,7023630588,10/8/2000
799794331,Rosana,Yukhnini,ryukhninie@topsy.com,5453848126,6/1/1997
737982978,Pippo,Martineau,pmartineauf@state.tx.us,3784035134,12/5/2003
863185804,Loria,Riach,lriachg@ameblo.jp,6370229928,3/1/2004
591024990,Raphaela,Hilliam,rhilliamh@latimes.com,8931991753,1/19/1999
405938769,Mireille,Brandoni,mbrandonii@vinaora.com,2321433241,7/8/2002
234885794,Ronnie,Fidgett,rfidgettj@typepad.com,9766875464,9/20/1998
270889634,Austine,Spieck,aspieckk@ucoz.ru,8551545065,3/6/1995
881728126,Crin,Cridge,ccridgel@theguardian.com,2835450463,2/19/1997
841991665,Kippy,Albasiny,kalbasinym@addthis.com,5288182219,4/27/2003
801102276,Gennifer,Sturte,gsturten@people.com.cn,1853919335,1/16/2003
245027906,Sebastian,Cawte,scawteo@bloomberg.com,8824094982,1/3/1999
530809607,Gisele,Snazel,gsnazelp@desdev.cn,1517152326,4/10/2004
803298715,Sibelle,Tommasuzzi,stommasuzziq@hatena.ne.jp,6362219768,2/12/1996
305055940,Faustine,Hothersall,fhothersallr@archive.org,4127479688,2/11/1999
908661863,Daloris,Sinson,dsinsons@a8.net,6723826338,11/25/2001
288660885,Darbie,Frapwell,dfrapwellt@blogger.com,9876583246,6/3/2002
585937837,Perri,Lovett,plovettu@sourceforge.net,1029821866,6/25/2003
912753039,Sonni,Comberbach,scomberbachv@redcross.org,4340487594,9/3/2002
446613401,Roselle,Bottomore,rbottomorew@sogou.com,5930102147,3/16/1995
669350991,Cecile,Lunt,cluntx@cbc.ca,9368559625,1/25/2002
445508607,Suzann,Flewett,sflewetty@narod.ru,6497543825,11/28/1998
641769847,Luciana,Joule,ljoulez@domainmarket.com,4927498023,9/23/2004
536141398,Hedvige,Barlie,hbarlie10@indiatimes.com,8172166083,1/2/2004
811904319,Cooper,Sudworth,csudworth11@mashable.com,8189674509,10/9/2000
407522427,Roanne,Fripps,rfripps12@geocities.jp,4645157435,5/5/1997
822169980,Craggy,Bache,cbache13@jiathis.com,1066924665,2/17/2003
383264932,Jenine,Caldwell,jcaldwell14@printfriendly.com,5953398789,9/26/2003
164886526,Donella,Trathen,dtrathen15@wp.com,7255155040,6/21/2003
709633849,Eveline,Sleit,esleit16@quantcast.com,7447141013,10/4/2002
960228341,Devonne,Bownas,dbownas17@cnet.com,4421700322,10/16/2002
388640154,Janelle,Tutill,jtutill18@harvard.edu,7516137497,10/10/2001
692122077,Guillermo,Regitz,gregitz19@mashable.com,5916301046,10/3/2000
213844671,My,Stedman,mstedman1a@indiatimes.com,1255856103,2/22/1995
879596283,Renaud,Hardey,rhardey1b@gov.uk,2757308835,2/24/1997
102146214,Elston,Haysman,ehaysman1c@bbc.co.uk,9112141748,3/25/1997
694636801,Dorian,Ivanonko,divanonko1d@jugem.jp,9411793770,8/31/2002
114987984,Deina,Dendle,ddendle1e@japanpost.jp,2283140461,4/18/1996
251440663,Coretta,Attac,cattac1f@telegraph.co.uk,9783177769,5/31/1997
572292220,Erica,Klugman,eklugman1g@businessweek.com,1450419278,8/17/2002
203892044,Melvyn,Dalglish,mdalglish1h@reference.com,9174942903,9/29/1999
244011531,Ashla,Georgiades,ageorgiades1i@ibm.com,2516056082,12/9/1999
249770070,Madonna,Treves,mtreves1j@de.vu,8927186717,1/16/1998
139336933,Romain,Simionato,rsimionato1k@multiply.com,9331933576,7/28/2001
130903669,Shalom,Allot,sallot1l@theglobeandmail.com,2061934122,8/16/1998
166873018,Sheilakathryn,Monery,smonery1m@apple.com,7604492114,2/12/2000
985039990,Brenden,Ricardet,bricardet1n@columbia.edu,1160352178,11/3/2000
265814001,Alexis,Simioli,asimioli1o@woothemes.com,5926905759,4/20/2000
127596657,Wendeline,Dunphy,wdunphy1p@about.me,1955601664,3/5/1998
848133867,Addi,Messenbird,amessenbird1q@google.de,7936968151,4/29/2001
451703195,Ann-marie,Freen,afreen1r@yolasite.com,5787161119,11/20/2002
245923972,Joannes,Upham,jupham1s@nih.gov,2677949808,10/20/1995
652743272,Bell,Kolakowski,bkolakowski1t@networkadvertising.org,5578496983,12/12/2001
576757209,Tybi,Guinery,tguinery1u@independent.co.uk,7044875997,6/2/2004
683154426,Loren,Isson,lisson1v@artisteer.com,9689240957,9/24/2001
319359241,Izzy,Yitzovicz,iyitzovicz1w@meetup.com,6235092301,1/15/2001
882838360,Kirstyn,Stairmand,kstairmand1x@tiny.cc,7668635426,3/28/2000
836994991,Odette,Howley,ohowley1y@smh.com.au,9096462453,6/8/2003
129973901,Marena,Beagan,mbeagan1z@oaic.gov.au,7652640161,4/6/2000
999286476,Hayley,Stutter,hstutter20@goodreads.com,8742757630,8/5/1996
937161596,Steffen,Spacy,sspacy21@purevolume.com,4469551519,12/12/1999
454971672,Aloysius,Ropert,aropert22@last.fm,4398023499,8/9/1998
414351236,Ozzy,Stuchberry,ostuchberry23@cloudflare.com,8414722893,7/7/1996
103361978,Minerva,Sawney,msawney24@amazon.com,3053104467,8/26/1999
277094804,Marillin,Livesay,mlivesay25@sciencedirect.com,1983374436,12/7/2001
790270850,Bayard,Blackden,bblackden26@huffingtonpost.com,5147334185,4/11/2002
550555423,Lynette,Plimmer,lplimmer27@discuz.net,6951928729,11/7/2001
314195936,Kristyn,Feldmus,kfeldmus28@eventbrite.com,3473265978,9/16/1999
115880568,Patten,Taffs,ptaffs29@wikia.com,7455658689,10/31/1995
156870000,Molli,Whyborne,mwhyborne2a@addthis.com,5311928965,7/1/1997
802851350,Sonnnie,Starkings,sstarkings2b@1688.com,8561550374,10/1/1997
842716791,Dael,Snoad,dsnoad2c@time.com,4615202689,9/18/2002
270592749,Arlee,Francescozzi,afrancescozzi2d@soup.io,5108601013,4/7/2003
629804380,Northrup,Itscowicz,nitscowicz2e@house.gov,5261477945,6/1/2002
866774658,Caressa,Bleeze,cbleeze2f@hc360.com,7226765392,10/13/2001
617946089,Alameda,Cooksley,acooksley2g@abc.net.au,8284823309,12/13/2003
465826131,Silvana,Huncote,shuncote2h@seesaa.net,5475273753,1/14/1997
356425960,Chic,Ovey,covey2i@dedecms.com,2002395327,3/29/1996
447491018,Llewellyn,Quartly,lquartly2j@indiatimes.com,9325241972,2/20/2000
961263436,Annamarie,McKirdy,amckirdy2k@utexas.edu,8098180023,7/7/1995
337445517,Donnell,MacDearmid,dmacdearmid2l@com.com,1536714899,11/5/1995
662127234,Theo,Byfford,tbyfford2m@symantec.com,1746040721,12/22/1999
215094690,Colet,Bruhn,cbruhn2n@digg.com,4655561576,9/23/1998
105668778,Fulvia,Grabert,fgrabert2o@myspace.com,8688362858,10/31/2002
117895378,Ervin,Kingh,ekingh2p@europa.eu,8264493481,5/26/2002
440849647,Asher,Carlile,acarlile2q@a8.net,4097697701,10/8/1996
115634538,Ivar,Benley,ibenley2r@reddit.com,3836383855,4/13/1998
401039764,Olin,Robertsson,orobertsson2s@gnu.org,1771263728,10/19/1997
186799276,Johnath,Mantione,jmantione2t@discuz.net,3275990480,12/15/2004
470348028,Wynn,Andreacci,wandreacci2u@omniture.com,5646267699,1/23/2004
526865997,Andres,Trayes,atrayes2v@gmpg.org,4996130126,11/9/1999
842650949,Gianna,Fordyce,gfordyce2w@hp.com,7110288147,11/26/1995
994842230,Lana,Desouza,ldesouza2x@thetimes.co.uk,1673814953,8/15/2002
865029371,Rosanna,Skippen,rskippen2y@thetimes.co.uk,7132540009,5/16/2000
591957975,Sayre,Harris,sharris2z@fda.gov,3618595921,9/15/1999
175909013,Fabe,Grimwood,fgrimwood30@thetimes.co.uk,2059287571,6/5/1998
136071565,Hermina,Dayborne,hdayborne31@bizjournals.com,8568178060,7/31/2000
668694649,Linn,Hirjak,lhirjak32@salon.com,8415602432,2/22/1998
438592807,Reggi,D'Ambrosi,rdambrosi33@princeton.edu,6312486845,9/22/1999
992323565,Cornela,Loftus,cloftus34@msn.com,8392176304,9/27/1995
806532996,Link,Reede,lreede35@bbb.org,4846240586,2/26/1997
497966586,Trstram,Comusso,tcomusso36@unesco.org,7146322431,10/20/1997
778177688,Eadith,Allett,eallett37@dyndns.org,2941099590,4/22/1999
848465994,Felita,Creyke,fcreyke38@weibo.com,6314462507,11/13/2003
734574810,Darbee,Abrahamian,dabrahamian39@liveinternet.ru,7165201419,11/16/1997
889662494,Sibyl,Lankford,slankford3a@wordpress.org,1423755296,8/19/1995
880375555,Agneta,Pedgrift,apedgrift3b@washingtonpost.com,3830204088,2/8/1998
205919083,Thorstein,Bohlmann,tbohlmann3c@latimes.com,1922423724,7/14/2001
168294710,Andras,Kilfedder,akilfedder3d@oaic.gov.au,3433318696,4/24/2002
165333345,Laughton,Maidment,lmaidment3e@miibeian.gov.cn,9752409072,5/13/1999
999780969,Annabelle,Shegog,ashegog3f@ucoz.com,3209677639,2/22/1997
408625571,Jesus,Cattermole,jcattermole3g@washington.edu,3210954051,9/3/1997
230420630,Elden,Odam,eodam3h@time.com,4851794105,6/3/2003
546720676,Evangelin,Wheelband,ewheelband3i@shutterfly.com,2315357120,10/5/2004
924618395,Elijah,Surgeon,esurgeon3j@simplemachines.org,1276140217,11/27/1998
408852172,Chick,Fearney,cfearney3k@prlog.org,8563980635,5/17/1998
781626445,Jessica,Mynett,jmynett3l@gmpg.org,6786739257,7/7/2003
811371760,Maren,Stores,mstores3m@miitbeian.gov.cn,4897528901,11/19/1998
885720429,Klarika,Gwatkins,kgwatkins3n@angelfire.com,9030046245,7/27/2001
239455032,Jesselyn,Abramchik,jabramchik3o@cisco.com,1426931736,8/29/2001
182636427,Ddene,Lennard,dlennard3p@prnewswire.com,5003472330,5/9/2000
608788837,Matteo,Gillespey,mgillespey3q@eventbrite.com,5993349719,11/30/2001
896767104,Gusti,Docksey,gdocksey3r@ox.ac.uk,6591019150,12/7/1997
853511839,Jorge,Grzegorek,jgrzegorek3s@ihg.com,1291304095,12/17/2000
932431342,Mabel,De Gregoli,mdegregoli3t@hud.gov,5383464471,7/17/2002
504784567,Delila,Nattrass,dnattrass3u@wikimedia.org,1111653915,10/21/2003
368796351,Hortense,MacAllan,hmacallan3v@hc360.com,1445858005,7/5/2004
593359905,Marcel,Town,mtown3w@plala.or.jp,8961831236,2/17/2004
568269224,Burg,Sandham,bsandham3x@yelp.com,3399068743,2/5/2002
731355693,Godfry,Bulley,gbulley3y@vk.com,4393876324,9/4/2002
575500874,Adriena,Walch,awalch3z@who.int,1726770561,1/16/2003
802920132,Trudi,Iglesia,tiglesia40@networkadvertising.org,3721451208,4/15/1998
816223495,Neddy,Cowie,ncowie41@cnet.com,1743317003,7/29/1998
992852266,Freedman,Cabble,fcabble42@a8.net,7659356256,3/16/2002
897821196,Lorin,O'Dowling,lodowling43@youtube.com,7945980409,6/30/1996
557537429,Haskel,Hainey,hhainey44@sitemeter.com,9223796228,5/6/2002
640100071,Phip,Pepi,ppepi45@mediafire.com,7994061687,9/30/2000
812183382,Susi,Macken,smacken46@bandcamp.com,5682496459,2/2/1996
697200982,Brewer,Cescot,bcescot47@scribd.com,4062841385,12/3/1998
873939656,Wald,Ipplett,wipplett48@discuz.net,6217207338,7/12/1998
122064990,Thebault,Wrathmall,twrathmall49@mlb.com,6839997200,4/17/1995
531994633,Evy,Hockell,ehockell4a@sohu.com,3263992524,9/20/1999
498347644,Coriss,Beaby,cbeaby4b@illinois.edu,2986299185,7/7/2002
238175190,Noellyn,Steynor,nsteynor4c@wikia.com,5616148540,1/9/1995
584937791,Clarice,Howkins,chowkins4d@digg.com,7921764572,4/27/2004
422180366,Cathleen,Blackston,cblackston4e@cdc.gov,5393291533,12/13/2003
288743745,Gregorio,McArdle,gmcardle4f@desdev.cn,6441588097,9/10/1995
133031745,Nannette,Kenefick,nkenefick4g@de.vu,3531051787,10/17/1996
298895076,Philippe,Bohea,pbohea4h@pagesperso-orange.fr,1663989490,4/26/2001
776409347,Casi,Eary,ceary4i@globo.com,1419880274,2/8/2001
482167189,Maia,Ellard,mellard4j@loc.gov,1748217032,7/12/2003
765044951,Danita,Staveley,dstaveley4k@wufoo.com,3568412476,12/14/2001
862102204,Camille,Crinage,ccrinage4l@facebook.com,9175798084,7/24/1998
663269455,Bryna,Slay,bslay4m@google.fr,3901089637,11/26/2004
501703047,Gregoor,Stafford,gstafford4n@umn.edu,9864125280,1/22/1996
256526679,Consuelo,Lewington,clewington4o@google.co.uk,8919725888,10/27/1996
451177661,Rhianon,Hourahan,rhourahan4p@free.fr,4464924408,10/9/1998
779003123,Talbert,Hackney,thackney4q@ebay.co.uk,7159181736,4/26/1999
833490454,Gabriello,Jekel,gjekel4r@timesonline.co.uk,1113840739,12/19/2001
468702125,Reider,Concannon,rconcannon4s@foxnews.com,9979085240,9/24/1997
294143865,Trista,Brettel,tbrettel4t@reference.com,2702166702,1/16/2004
422299313,Teddie,Pea,tpea4u@house.gov,5070253046,10/10/1995
318748966,Shirleen,MacFadzan,smacfadzan4v@blogger.com,2544896482,5/1/1998
795873801,Tommie,Swapp,tswapp4w@google.ca,7053147842,11/3/2001
246433080,Priscella,Ghio,pghio4x@homestead.com,2917458783,10/18/2000
450957086,Hatti,Riep,hriep4y@harvard.edu,9149554701,9/4/2000
711252006,Norina,Toynbee,ntoynbee4z@indiegogo.com,4030561326,4/17/1995
590392964,Nye,Cheshir,ncheshir50@webmd.com,1973073310,6/8/2001
252413927,Ermin,MacLardie,emaclardie51@economist.com,5982354266,8/8/1997
432592399,Quentin,Librey,qlibrey52@blog.com,8007867019,8/7/1997
586333276,Krystal,Emm,kemm53@upenn.edu,4782422422,4/22/1996
328864491,Cody,Pennick,cpennick54@wiley.com,3528552575,5/14/1999
844823349,Selia,Rassell,srassell55@google.com.br,9876310751,10/30/1997
949429590,Kippar,Barwell,kbarwell56@tamu.edu,2613221287,2/13/1998
672390876,Mathew,Spurdens,mspurdens57@indiegogo.com,1906088543,6/10/1995
723656042,Minnaminnie,Aslie,maslie58@ucoz.com,4330256818,6/1/2003
418072562,Antony,Botler,abotler59@e-recht24.de,9400164011,10/26/2003
874517605,Claudius,Offiler,coffiler5a@examiner.com,2427388703,2/23/2003
816286896,Derril,Ridges,dridges5b@com.com,7418220034,7/14/1996
325889611,Paolina,Brazear,pbrazear5c@list-manage.com,7666691656,6/3/2002
379352885,Roch,Sperski,rsperski5d@e-recht24.de,7351984217,8/26/1997
365362598,Meredithe,O'Dowling,modowling5e@wix.com,1156790057,3/8/1998
341889546,Maia,Povey,mpovey5f@senate.gov,6957748104,6/20/2000
908275733,Jamaal,Yea,jyea5g@webmd.com,2484438355,11/19/2003
685184666,Cletus,Vero,cvero5h@berkeley.edu,7410987767,11/17/1997
839497882,Mario,Northridge,mnorthridge5i@youku.com,2002820665,8/9/2001
866346595,Danya,Clampett,dclampett5j@pbs.org,4094106626,10/7/1996
736026782,Mirella,Fawdry,mfawdry5k@independent.co.uk,7839664453,6/21/2001
643350965,Benita,Loseke,bloseke5l@usa.gov,5524327978,3/12/2002
188721046,Margarete,Kilmurray,mkilmurray5m@economist.com,2729081978,4/28/1995
733587464,Coriss,Salzberger,csalzberger5n@salon.com,1366396666,11/16/1997
358666160,Garth,OIlier,goilier5o@kickstarter.com,3212238692,2/27/1996
330716712,Hendrick,Rangeley,hrangeley5p@is.gd,4328567376,3/26/1998
655047203,Vic,Prettyjohn,vprettyjohn5q@weebly.com,5863534046,5/10/2004
675918431,Rosalia,Bunston,rbunston5r@who.int,3815773909,7/24/2000
876872391,Roddie,Gorcke,rgorcke5s@columbia.edu,7973863326,8/1/1998
317316656,Gabey,Berrey,gberrey5t@sina.com.cn,8282433966,12/11/2004
902189068,Quincy,Alejo,qalejo5u@webs.com,6655182701,6/12/2002
935760116,Noah,Bransby,nbransby5v@is.gd,6887170137,7/10/2004
501819939,Marcelline,Brundrett,mbrundrett5w@wikia.com,8700942618,12/2/1995
315744428,Fletcher,Giacobazzi,fgiacobazzi5x@wisc.edu,1099636581,11/1/2003
106078042,Janela,McCloud,jmccloud5y@whitehouse.gov,3498820058,3/30/2001
988989833,Korry,Petcher,kpetcher5z@hhs.gov,3606625978,4/17/1999
310794153,Astrid,Raise,araise60@ihg.com,6528412325,4/24/2001
761666634,Trent,Winsome,twinsome61@soundcloud.com,6816821103,4/11/2004
397666452,Gerry,Wilbore,gwilbore62@jimdo.com,8294013321,12/12/2003
877698241,Guss,Gatchel,ggatchel63@va.gov,3886788113,7/20/2004
303998892,Deonne,Darbishire,ddarbishire64@woothemes.com,8684043094,7/24/1996
797052749,Emmet,Lightollers,elightollers65@businessinsider.com,7610230443,12/1/2003
291658358,Neville,Barge,nbarge66@cnn.com,3555518858,8/24/1995
923669398,Samantha,Roddick,sroddick67@woothemes.com,5058208948,10/29/2001
316079116,Carolan,Charkham,ccharkham68@blogtalkradio.com,6667939599,10/27/2000
847609344,Linette,Claypool,lclaypool69@diigo.com,1242649092,12/22/1997
750748524,Traver,Margrem,tmargrem6a@reverbnation.com,4090219149,4/11/2001
989779746,Agneta,Braund,abraund6b@nymag.com,5677331550,3/21/2004
778315970,Winslow,Mulliner,wmulliner6c@plala.or.jp,4017118692,4/11/1999
971097675,Tobin,McBryde,tmcbryde6d@rambler.ru,7329677977,7/16/1997
448026474,Diann,Showering,dshowering6e@dailymotion.com,5766391836,8/8/2004
313806865,Tish,Sales,tsales6f@telegraph.co.uk,9728372914,1/22/2004
370339527,Emanuel,Hacaud,ehacaud6g@technorati.com,8248032871,8/5/2000
776763988,Hershel,Matchitt,hmatchitt6h@sciencedirect.com,9007205855,10/31/2000
936878009,Reginald,Jerred,rjerred6i@ezinearticles.com,9485120328,9/24/2003
428044024,Gregory,Desmond,gdesmond6j@springer.com,6753124906,6/8/2004
366402454,Vasili,Vella,vvella6k@mail.ru,2591688834,2/23/1999
248195218,Jacquelynn,Marchbank,jmarchbank6l@mayoclinic.com,9787176590,12/7/2002
747087471,Harris,Napoleone,hnapoleone6m@123-reg.co.uk,5943983418,11/29/2004
426653138,Skipper,Armstrong,sarmstrong6n@nature.com,3771119264,10/23/2001
364433718,Arabella,Salvatore,asalvatore6o@liveinternet.ru,2723378478,3/6/2001
166526519,Veronika,Shovelin,vshovelin6p@etsy.com,2888552109,10/22/1996
560219333,Maryl,Tuson,mtuson6q@google.it,1897367439,2/4/2004
705813201,Crosby,Spollen,cspollen6r@dyndns.org,9809882161,11/17/2002
295597677,Chaim,Garthland,cgarthland6s@51.la,8572836953,5/16/1997
658589532,Currey,Igo,cigo6t@aboutads.info,5076537299,10/26/2000
962950528,Nester,Crudginton,ncrudginton6u@wordpress.org,2501721641,10/28/2000
861427312,Sibley,Coggins,scoggins6v@1688.com,9091946212,11/17/2004
747322724,Nathalia,Birk,nbirk6w@imgur.com,6207559202,11/3/1998
345820344,Kath,Berks,kberks6x@1688.com,7400925384,10/25/1999
385678239,Kaela,Willans,kwillans6y@i2i.jp,6129295989,9/22/2003
110793926,Codee,Aubury,caubury6z@arizona.edu,4448789858,6/16/1996
774146927,Nona,Crystal,ncrystal70@e-recht24.de,4299981001,12/1/2003
992729351,Hulda,Cockshott,hcockshott71@opera.com,9524580438,4/3/2004
560278903,Janna,Cristofolo,jcristofolo72@globo.com,3181060164,12/30/1996
563170537,Carol-jean,Wimlett,cwimlett73@free.fr,5515723825,9/4/2000
468650010,Jacquelin,Arnau,jarnau74@opera.com,3916282797,11/23/1999
728162084,Waring,Saladin,wsaladin75@weather.com,7644611944,9/15/1996
799846604,Giraud,Wapol,gwapol76@economist.com,7202535679,1/7/2002
426126574,Jacki,Brunsden,jbrunsden77@archive.org,7033357304,11/26/2003
918386578,Joeann,Iiannone,jiiannone78@google.ca,9305872862,10/20/2004
966479082,Garrot,Garlett,ggarlett79@pen.io,8607195808,8/16/2001
561806819,Idette,Tabary,itabary7a@bandcamp.com,5214146359,8/7/1999
840445958,Doralyn,Coil,dcoil7b@epa.gov,1644424302,7/15/1995
514698122,Shurlock,Jeffers,sjeffers7c@uiuc.edu,9826462342,2/16/1995
233131088,Germain,Comini,gcomini7d@mtv.com,3977781177,11/30/2000
979021527,Terrel,Mifflin,tmifflin7e@google.cn,2550630394,5/28/2001
704043460,Allys,Windless,awindless7f@barnesandnoble.com,2933271691,11/13/1999
428479336,Clayborne,Molder,cmolder7g@homestead.com,9245621696,12/7/2004
254481451,Fanny,Wethey,fwethey7h@jiathis.com,8027056806,1/18/2002
366237115,Cash,Lightowlers,clightowlers7i@google.it,9326610219,8/22/1998
846848940,Guglielma,Osmint,gosmint7j@fc2.com,1951421810,1/31/1998
209405148,Sonny,Dewsbury,sdewsbury7k@gizmodo.com,8303581398,12/21/1996
730949576,Sianna,Ballsdon,sballsdon7l@sphinn.com,8984582279,4/10/2004
582171456,Beatriz,Mitroshinov,bmitroshinov7m@blogtalkradio.com,9716740500,2/15/2002
208005119,Ivory,Duinkerk,iduinkerk7n@tripadvisor.com,5154144936,5/27/1995
877006847,Hanan,O' Donohue,hodonohue7o@army.mil,9980925025,3/15/2001
670668925,Kaycee,Hague,khague7p@ox.ac.uk,6481641286,10/18/2004
144021228,Farlay,Jiranek,fjiranek7q@ow.ly,2211694104,6/6/2001
745831634,Alva,Blastock,ablastock7r@instagram.com,6359960715,5/6/1996
423571425,Sig,Snepp,ssnepp7s@bloomberg.com,1221706295,10/1/2002
669117979,Alyssa,O'Dwyer,aodwyer7t@amazon.com,5236267473,1/5/2000
699584009,Mufinella,Tudgay,mtudgay7u@bravesites.com,7662776811,4/28/2003
211189393,Theodoric,Bunhill,tbunhill7v@github.io,4917610402,4/27/2002
163499463,Suzette,Garaway,sgaraway7w@yale.edu,5456380689,4/2/2001
857805447,Tanitansy,Halksworth,thalksworth7x@dropbox.com,8188592271,8/26/1998
431093764,Ralf,Jessope,rjessope7y@mlb.com,5601363198,10/24/1999
426191182,Reynolds,Coldrick,rcoldrick7z@ftc.gov,5883120471,6/2/1999
396587237,Neel,Benedito,nbenedito80@tuttocitta.it,1204743862,8/26/2001
634105244,Niall,Sans,nsans81@oaic.gov.au,7762559586,4/22/2003
446447919,Gwynne,Langhorne,glanghorne82@i2i.jp,1164096341,8/15/1997
481320078,Brianne,Gossling,bgossling83@globo.com,9729359149,11/9/1998
681093165,Salmon,Stapele,sstapele84@hexun.com,8619468993,5/26/1999
984926590,Cristal,Lober,clober85@pagesperso-orange.fr,6956111566,10/23/2002
570576401,Elsworth,Levesley,elevesley86@nydailynews.com,4259714826,8/2/2002
941004873,Guinevere,Livett,glivett87@cloudflare.com,6137085718,3/11/2000
462666657,Mar,Deyenhardt,mdeyenhardt88@sciencedaily.com,3052617242,3/8/1999
198929097,Jessamine,Gainfort,jgainfort89@quantcast.com,5151280620,7/15/1997
126053541,Micheline,Hulks,mhulks8a@mozilla.org,5575234901,1/4/2002
427795028,Joshuah,Wharram,jwharram8b@purevolume.com,7700918598,7/19/1999
144392159,Lavina,Antosch,lantosch8c@fema.gov,2547166490,11/26/1996
920065781,Donelle,Monni,dmonni8d@kickstarter.com,9308125638,5/12/2002
501973986,Meredith,Lisciardelli,mlisciardelli8e@si.edu,8994336423,9/9/1997
196020197,Dodie,Boyat,dboyat8f@shareasale.com,8990781060,12/31/1995
813016312,Dorolisa,Malek,dmalek8g@geocities.com,7376752622,11/12/1996
142808428,Mathew,Proby,mproby8h@infoseek.co.jp,5964370165,1/16/2000
558691089,Cordelia,Fuidge,cfuidge8i@163.com,2713875639,5/29/1999
173925665,Linoel,Benoist,lbenoist8j@opera.com,4598876286,5/7/2002
155879068,Claresta,Bramham,cbramham8k@creativecommons.org,7587916574,1/7/2001
732992813,Katine,Gerge,kgerge8l@examiner.com,4039239804,6/29/1995
884240000,Karee,Caulton,kcaulton8m@nationalgeographic.com,8372486970,1/30/1998
166141064,Chrotoem,Evamy,cevamy8n@ucsd.edu,5454507682,12/11/2003
326417899,Mackenzie,Surgison,msurgison8o@chicagotribune.com,8808722944,11/12/1999
991172008,Enid,Draysey,edraysey8p@free.fr,9787265959,12/28/1995
564010488,Valentia,Powe,vpowe8q@upenn.edu,3234919543,9/21/2002
482871641,Georgeta,Gilloran,ggilloran8r@webnode.com,3063980956,7/3/1998
633957094,Lorrie,Moody,lmoody8s@e-recht24.de,9107389613,6/25/2000
507046384,Zorine,Crim,zcrim8t@java.com,7027837968,1/20/2001
577363865,Elmira,Thirkettle,ethirkettle8u@123-reg.co.uk,8684523211,8/11/2001
667216663,Winnah,Kornes,wkornes8v@microsoft.com,9314845919,6/17/1997
238795723,Ty,Baldock,tbaldock8w@xing.com,1913164265,6/5/1995
849681253,Verile,Pharaoh,vpharaoh8x@wix.com,2906883699,6/4/2004
988468904,Antin,Pechell,apechell8y@mayoclinic.com,5087759163,12/30/1996
292512202,Mariana,Hayfield,mhayfield8z@a8.net,3005964291,8/10/1998
179171655,Abba,Garmon,agarmon90@hexun.com,8241583791,6/17/1996
500407934,Pammy,Vynall,pvynall91@tamu.edu,8705929299,12/7/1997
501031963,Lilias,O'Neal,loneal92@vk.com,3612365408,8/30/1998
166534148,Pennie,Sive,psive93@omniture.com,7409378577,9/15/2002
768123160,Ronny,Darracott,rdarracott94@hhs.gov,2850271833,10/16/2003
476102335,Shawnee,Clemmen,sclemmen95@jiathis.com,8577013772,5/31/1995
791030986,Cleopatra,Heijne,cheijne96@oakley.com,2981973854,5/7/2000
633665836,Georgette,MacCleay,gmaccleay97@salon.com,1348243589,8/22/2004
259317771,Annabell,Backler,abackler98@whitehouse.gov,7298997433,3/25/2001
163701990,Woodman,Boutellier,wboutellier99@independent.co.uk,4341852186,7/16/2002
364907309,Babb,Jahn,bjahn9a@ifeng.com,2608101744,11/5/1999
420280542,Clark,Postans,cpostans9b@ucoz.com,6741546701,3/11/1995
658456234,Heinrick,Colson,hcolson9c@uiuc.edu,2259212872,7/12/1995
258027174,Bunny,Barday,bbarday9d@yellowbook.com,1263269336,6/26/1999
268238576,Mendy,Furmston,mfurmston9e@howstuffworks.com,6898017630,3/24/1998
610331628,Manny,Sinclair,msinclair9f@nps.gov,8620870404,2/18/1995
685940056,Salomo,Mably,smably9g@naver.com,9460051621,5/2/2004
637606979,Bill,Cable,bcable9h@arstechnica.com,5418129206,6/11/1996
200643435,Arvie,Cocke,acocke9i@elpais.com,3740980134,10/18/2004
600476000,Ira,Carlisi,icarlisi9j@php.net,3349033296,2/19/2000
723444174,Thatch,Blaisdale,tblaisdale9k@macromedia.com,3500210845,7/26/2003
319433486,Bonny,Barlthrop,bbarlthrop9l@nih.gov,4862097199,1/10/1997
473465304,Hermie,Cardo,hcardo9m@noaa.gov,8868788680,12/23/1995
766905705,Kessiah,Sullly,ksullly9n@freewebs.com,1078031112,7/30/2002
706049162,Shanta,Broggio,sbroggio9o@live.com,6555329694,7/13/1998
953007127,Freddie,Eltringham,feltringham9p@wordpress.org,7052323638,7/28/1996
348974089,Devora,Maplestone,dmaplestone9q@unblog.fr,8724284125,6/21/1997
939015944,Morganica,Jerdan,mjerdan9r@live.com,2779735569,9/7/1995
490360874,Bartholemy,Kinge,bkinge9s@jimdo.com,5193554791,2/15/2001
249847687,Ester,Asbery,easbery9t@prnewswire.com,9104862730,6/22/1998
535178156,Torie,Westpfel,twestpfel9u@rediff.com,8042771225,10/14/1995
961706078,Madlin,Monument,mmonument9v@sphinn.com,4889153994,10/19/1995
993027155,Dag,Emons,demons9w@sphinn.com,3674081077,1/24/2002
580161149,Mellicent,Bearne,mbearne9x@irs.gov,9816974326,8/2/1998
678685236,Lambert,Le Barr,llebarr9y@microsoft.com,9088245023,5/10/1996
148841783,Fletch,Sidle,fsidle9z@hc360.com,6571641022,11/7/1998
787915817,Smith,Dufoure,sdufourea0@nature.com,5408699895,3/12/2000
365627070,Sherlocke,Mapplethorpe,smapplethorpea1@purevolume.com,7758761333,8/30/2001
491640103,Marne,Agglio,magglioa2@cnn.com,1139406764,12/31/2001
412337947,Therese,Barens,tbarensa3@ifeng.com,5646774734,8/4/1998
562696093,Sara,Doblin,sdoblina4@vimeo.com,9835782671,9/21/2004
270312426,Rinaldo,Freeland,rfreelanda5@bloomberg.com,5336241669,5/11/2003
630382785,Donnell,Eburah,deburaha6@google.pl,6479827881,3/7/2003
160321258,Ailene,Riteley,ariteleya7@360.cn,8461765454,10/28/2004
683825464,Ardra,Rallinshaw,arallinshawa8@diigo.com,6022477132,9/10/1995
930796257,Shayne,Meritt,smeritta9@vk.com,5270695476,11/19/2002
613045072,Berky,Deakins,bdeakinsaa@umn.edu,4087235492,7/16/2004
644144852,Prince,Everley,peverleyab@jalbum.net,9611214146,10/11/1996
206042507,Nedi,Muff,nmuffac@newsvine.com,8066578388,2/22/1997
393283020,Deeann,Twaite,dtwaitead@google.it,3129255071,4/24/1996
681735568,Evelina,Larmor,elarmorae@myspace.com,2488165492,6/30/2000
970943357,Bertha,Findon,bfindonaf@issuu.com,8865791799,10/7/1995
524316638,Trista,Balden,tbaldenag@typepad.com,6254755602,10/19/1998
447185391,Jory,MacCrann,jmaccrannah@epa.gov,5996442124,6/26/2000
751827117,Tarra,Jeannon,tjeannonai@pagesperso-orange.fr,4587247735,12/3/2003
352732109,Lexis,Algy,lalgyaj@google.com.br,8937135681,5/28/2000
304707043,Tomkin,Covert,tcovertak@illinois.edu,9316759909,1/28/1996
812998202,Garrott,Philp,gphilpal@comcast.net,6694322922,3/30/2000
524180253,Barbi,Macellar,bmacellaram@foxnews.com,6513713793,11/19/2000
379819670,Augusto,Rostern,arosternan@trellian.com,9912144263,11/13/2000
898494315,Allison,Seakes,aseakesao@twitter.com,3986493247,12/28/1997
876551276,Sidnee,Dimbleby,sdimblebyap@craigslist.org,9404532730,1/10/2003
303422630,Lora,Sopper,lsopperaq@photobucket.com,8679311526,5/28/2001
782091603,Richart,Manuello,rmanuelloar@alibaba.com,1775096537,4/18/1996
339589106,Vasilis,Quarless,vquarlessas@vistaprint.com,7739847706,10/21/1997
616443943,Jeffy,Cline,jclineat@mediafire.com,2781144637,11/19/2001
886351820,Penni,Casol,pcasolau@xinhuanet.com,4535345339,12/3/2001
662898471,Corrie,Soda,csodaav@patch.com,7744039764,11/12/1997
488283920,Sebastien,Sauvan,ssauvanaw@wufoo.com,1286126264,5/23/2002
975808289,Jasmin,Berends,jberendsax@aboutads.info,5170261018,7/9/2004
304494790,Grantham,Gummow,ggummoway@feedburner.com,6178388718,2/4/1998
104022382,Walker,Hounihan,whounihanaz@engadget.com,7425192615,8/27/2003
604693539,Ruddy,Walne,rwalneb0@taobao.com,6156682960,7/20/2001
852133972,Consuela,Joderli,cjoderlib1@1und1.de,8674108584,11/8/1999
365075494,Hayyim,Allday,halldayb2@google.com.hk,3802400534,11/7/1995
785786542,Darwin,Bax,dbaxb3@fc2.com,3362002264,2/21/2001
